ISO-10303-21;
HEADER;
FILE_DESCRIPTION(('ViewDefinition [CoordinationView]'),'2;1');
FILE_NAME('Unnamed-gb3.ifc','2026-01-06T11:43:03',('',''),(''),'IfcOpenShell 0.0.0','IfcOpenShell 0.0.0','');
FILE_SCHEMA(('IFC4'));
ENDSEC;
DATA;
#1=IFCPERSON($,$,'',$,$,$,$,$);
#2=IFCORGANIZATION($,'',$,$,$);
#3=IFCPERSONANDORGANIZATION(#1,#2,$);
#4=IFCAPPLICATION(#2,'1.0 build 2','FreeCAD','118df2cf_ed21_438e_a41');
#5=IFCOWNERHISTORY(#3,#4,$,.ADDED.,1767699783,#3,#4,1767699783);
#6=IFCDIRECTION((1.,0.,0.));
#7=IFCDIRECTION((0.,0.,1.));
#8=IFCCARTESIANPOINT((0.,0.,0.));
#9=IFCAXIS2PLACEMENT3D(#8,#7,#6);
#10=IFCDIRECTION((0.,1.,0.));
#12=IFCDIMENSIONALEXPONENTS(0,0,0,0,0,0,0);
#13=IFCSIUNIT(*,.LENGTHUNIT.,$,.METRE.);
#14=IFCSIUNIT(*,.AREAUNIT.,$,.SQUARE_METRE.);
#15=IFCSIUNIT(*,.VOLUMEUNIT.,$,.CUBIC_METRE.);
#16=IFCSIUNIT(*,.PLANEANGLEUNIT.,$,.RADIAN.);
#17=IFCMEASUREWITHUNIT(IFCPLANEANGLEMEASURE(0.017453292519943295),#16);
#18=IFCCONVERSIONBASEDUNIT(#12,.PLANEANGLEUNIT.,'DEGREE',#17);
#19=IFCUNITASSIGNMENT((#13,#14,#15,#18));
#20=IFCDIRECTION((6.12323399573677E-17,1.));
#21=IFCGEOMETRICREPRESENTATIONCONTEXT($,'Model',3,1.E-05,#9,#20);
#22=IFCGEOMETRICREPRESENTATIONSUBCONTEXT('Body','Model',*,*,*,*,#21,$,.MODEL_VIEW.,$);
#23=IFCPROJECT('0gIZk6mQ9FHRaMnOEpb1Rn',#5,'Unnamed',$,$,$,$,(#21),#19);
#24=IFCSITE('1PxoRauhz7MRkkKwemUwqq',#5,'Site','',$,$,$,'Site',.COMPLEX.,(0,0,0),(0,0,0),0.,$,$);
#25=IFCBUILDING('2GFOv$up55d8PqjpOiNNOx',#5,'Building','',$,$,$,'Building',.COMPLEX.,$,$,$);
#26=IFCBUILDINGSTOREY('0rsG3jnIv9JwnCAJo3DzRK',#5,'GroundFloor','',$,$,$,'Level',.COMPLEX.,$);
#27=IFCDIRECTION((1.,0.));
#28=IFCCARTESIANPOINT((0.,0.));
#29=IFCAXIS2PLACEMENT2D(#28,#27);
#30=IFCRECTANGLEPROFILEDEF(.AREA.,'rectangular',#29,40.,20.);
#31=IFCCARTESIANPOINT((20.,10.,0.));
#32=IFCAXIS2PLACEMENT3D(#31,#7,#6);
#33=IFCDIRECTION((0.,0.,-1.));
#34=IFCEXTRUDEDAREASOLID(#30,#32,#33,0.2);
#35=IFCCOLOURRGB($,0.52549022436142,0.556862771511078,0.588235318660736);
#36=IFCSURFACESTYLERENDERING(#35,$,$,$,$,$,$,$,.FLAT.);
#37=IFCSURFACESTYLE($,.BOTH.,(#36));
#38=IFCPRESENTATIONSTYLEASSIGNMENT((#37));
#39=IFCSTYLEDITEM(#34,(#38),$);
#40=IFCLOCALPLACEMENT($,#9);
#41=IFCSHAPEREPRESENTATION(#22,'Body','SweptSolid',(#34));
#42=IFCCARTESIANPOINT((40.,0.,0.));
#43=IFCPOLYLINE((#8,#42));
#44=IFCCOMPOSITECURVESEGMENT(.CONTINUOUS.,.T.,#43);
#45=IFCCARTESIANPOINT((40.,20.,0.));
#46=IFCPOLYLINE((#42,#45));
#47=IFCCOMPOSITECURVESEGMENT(.CONTINUOUS.,.T.,#46);
#48=IFCCARTESIANPOINT((0.,20.,0.));
#49=IFCPOLYLINE((#45,#48));
#50=IFCCOMPOSITECURVESEGMENT(.CONTINUOUS.,.T.,#49);
#51=IFCCOMPOSITECURVE((#44,#47,#50),.F.);
#52=IFCGEOMETRICREPRESENTATIONSUBCONTEXT('Axis','Model',*,*,*,*,#21,$,.MODEL_VIEW.,$);
#53=IFCSHAPEREPRESENTATION(#52,'Axis','Curve2D',(#51));
#54=IFCPRODUCTDEFINITIONSHAPE($,$,(#41,#53));
#55=IFCSLAB('3TJ7wI$pfFd96Kc8kYlnzz',#5,'Slab','',$,#40,#54,$,.FLOOR.);
#56=IFCCARTESIANPOINT((-0.0116523440000019,0.,3.5));
#57=IFCCARTESIANPOINT((39.988347656,0.,3.5));
#58=IFCCARTESIANPOINT((39.988347656,0.,3.55));
#59=IFCCARTESIANPOINT((-0.0116523440000019,0.,3.54999999999999));
#60=IFCPOLYLOOP((#56,#57,#58,#59));
#61=IFCFACEOUTERBOUND(#60,.T.);
#62=IFCFACE((#61));
#63=IFCCARTESIANPOINT((-0.0116523440000019,19.984712891,3.5));
#64=IFCCARTESIANPOINT((39.988347656,19.984712891,3.5));
#65=IFCPOLYLOOP((#57,#56,#63,#64));
#66=IFCFACEOUTERBOUND(#65,.T.);
#67=IFCFACE((#66));
#68=IFCCARTESIANPOINT((39.988347656,19.984712891,3.55));
#69=IFCPOLYLOOP((#57,#64,#68,#58));
#70=IFCFACEOUTERBOUND(#69,.T.);
#71=IFCFACE((#70));
#72=IFCCARTESIANPOINT((-0.0116523440000019,19.984712891,3.54999999999999));
#73=IFCPOLYLOOP((#68,#72,#59,#58));
#74=IFCFACEOUTERBOUND(#73,.T.);
#75=IFCFACE((#74));
#76=IFCPOLYLOOP((#63,#56,#59,#72));
#77=IFCFACEOUTERBOUND(#76,.T.);
#78=IFCFACE((#77));
#79=IFCPOLYLOOP((#64,#63,#72,#68));
#80=IFCFACEOUTERBOUND(#79,.T.);
#81=IFCFACE((#80));
#82=IFCCLOSEDSHELL((#62,#67,#71,#75,#78,#81));
#83=IFCFACETEDBREP(#82);
#84=IFCCOLOURRGB($,0.67843097448349,0.709803998470306,0.741176009178162);
#85=IFCSURFACESTYLERENDERING(#84,$,$,$,$,$,$,$,.FLAT.);
#86=IFCSURFACESTYLE($,.BOTH.,(#85));
#87=IFCPRESENTATIONSTYLEASSIGNMENT((#86));
#88=IFCSTYLEDITEM(#83,(#87),$);
#89=IFCSHAPEREPRESENTATION(#22,'Body','Brep',(#83));
#90=IFCPRODUCTDEFINITIONSHAPE($,$,(#89));
#91=IFCROOF('2Pv81vIOnEWB322ZORV7ew',#5,'Roof','',$,#40,#90,$,.FLAT_ROOF.);
#92=IFCDIRECTION((0.,1.));
#93=IFCCARTESIANPOINT((1.4210854715202E-14,0.));
#94=IFCAXIS2PLACEMENT2D(#93,#92);
#95=IFCRECTANGLEPROFILEDEF(.AREA.,'rectangular',#94,2.,0.2);
#96=IFCCARTESIANPOINT((0.1,9.,0.));
#97=IFCAXIS2PLACEMENT3D(#96,#7,#6);
#98=IFCEXTRUDEDAREASOLID(#95,#97,#7,3.5);
#99=IFCCOLOURRGB($,0.678431391716003,0.709803938865662,0.74117648601532);
#100=IFCSURFACESTYLERENDERING(#99,$,$,$,$,$,$,$,.FLAT.);
#101=IFCSURFACESTYLE($,.BOTH.,(#100));
#102=IFCPRESENTATIONSTYLEASSIGNMENT((#101));
#103=IFCSTYLEDITEM(#98,(#102),$);
#104=IFCSHAPEREPRESENTATION(#22,'Body','SweptSolid',(#98));
#105=IFCCARTESIANPOINT((0.,10.,0.));
#106=IFCCARTESIANPOINT((0.,8.,0.));
#107=IFCPOLYLINE((#105,#106));
#108=IFCCOMPOSITECURVESEGMENT(.CONTINUOUS.,.T.,#107);
#109=IFCCOMPOSITECURVE((#108),.F.);
#110=IFCSHAPEREPRESENTATION(#52,'Axis','Curve2D',(#109));
#111=IFCPRODUCTDEFINITIONSHAPE($,$,(#104,#110));
#112=IFCWALL('1ahJZGoKr9gRA4fjiPO2jJ',#5,'Surface29','',$,#40,#111,$,.MOVABLE.);
#113=IFCCARTESIANPOINT((-3.4,9.9085400390625,0.));
#114=IFCCARTESIANPOINT((3.4,9.9085400390625,0.));
#115=IFCCARTESIANPOINT((3.4,8.1085400390625,0.));
#116=IFCCARTESIANPOINT((-3.4,8.1085400390625,0.));
#117=IFCPOLYLOOP((#113,#114,#115,#116));
#118=IFCFACEOUTERBOUND(#117,.T.);
#119=IFCFACE((#118));
#120=IFCCARTESIANPOINT((3.4,8.1085400390625,3.4));
#121=IFCCARTESIANPOINT((-3.4,8.1085400390625,3.4));
#122=IFCPOLYLOOP((#116,#115,#120,#121));
#123=IFCFACEOUTERBOUND(#122,.T.);
#124=IFCFACE((#123));
#125=IFCCARTESIANPOINT((3.4,9.9085400390625,3.4));
#126=IFCCARTESIANPOINT((-3.4,9.9085400390625,3.4));
#127=IFCPOLYLOOP((#121,#120,#125,#126));
#128=IFCFACEOUTERBOUND(#127,.T.);
#129=IFCFACE((#128));
#130=IFCPOLYLOOP((#126,#125,#114,#113));
#131=IFCFACEOUTERBOUND(#130,.T.);
#132=IFCFACE((#131));
#133=IFCPOLYLOOP((#115,#114,#125,#120));
#134=IFCFACEOUTERBOUND(#133,.T.);
#135=IFCFACE((#134));
#136=IFCPOLYLOOP((#113,#116,#121,#126));
#137=IFCFACEOUTERBOUND(#136,.T.);
#138=IFCFACE((#137));
#139=IFCCLOSEDSHELL((#119,#124,#129,#132,#135,#138));
#140=IFCFACETEDBREP(#139);
#141=IFCSHAPEREPRESENTATION(#22,'Body','Brep',(#140));
#142=IFCPRODUCTDEFINITIONSHAPE($,$,(#141));
#143=IFCOPENINGELEMENT('3l33KKCUHCyO8HvPlweN48',#5,'Sub-Surface10',$,$,#40,#142,$,$);
#144=IFCRELVOIDSELEMENT('2WoS3QnGH399kTD998Qs0T',#5,'Subtraction','',#112,#143);
#145=IFCCARTESIANPOINT((0.,9.9085400390625,0.));
#146=IFCCARTESIANPOINT((0.1,9.9085400390625,0.));
#147=IFCCARTESIANPOINT((0.1,8.1085400390625,0.));
#148=IFCCARTESIANPOINT((0.,8.1085400390625,0.));
#149=IFCPOLYLOOP((#145,#146,#147,#148));
#150=IFCFACEOUTERBOUND(#149,.T.);
#151=IFCFACE((#150));
#152=IFCCARTESIANPOINT((0.,9.9085400390625,3.4));
#153=IFCCARTESIANPOINT((0.1,9.9085400390625,3.4));
#154=IFCPOLYLOOP((#152,#153,#146,#145));
#155=IFCFACEOUTERBOUND(#154,.T.);
#156=IFCFACE((#155));
#157=IFCCARTESIANPOINT((0.1,8.1085400390625,3.4));
#158=IFCCARTESIANPOINT((0.,8.1085400390625,3.4));
#159=IFCPOLYLOOP((#148,#147,#157,#158));
#160=IFCFACEOUTERBOUND(#159,.T.);
#161=IFCFACE((#160));
#162=IFCPOLYLOOP((#145,#148,#158,#152));
#163=IFCFACEOUTERBOUND(#162,.T.);
#164=IFCCARTESIANPOINT((0.,8.1585400390625,0.05));
#165=IFCCARTESIANPOINT((0.,9.8585400390625,0.05));
#166=IFCCARTESIANPOINT((0.,9.8585400390625,3.35));
#167=IFCCARTESIANPOINT((0.,8.1585400390625,3.35));
#168=IFCPOLYLOOP((#164,#165,#166,#167));
#169=IFCFACEBOUND(#168,.T.);
#170=IFCFACE((#163,#169));
#171=IFCPOLYLOOP((#147,#146,#153,#157));
#172=IFCFACEOUTERBOUND(#171,.T.);
#173=IFCCARTESIANPOINT((0.1,9.8585400390625,0.05));
#174=IFCCARTESIANPOINT((0.1,8.1585400390625,0.05));
#175=IFCCARTESIANPOINT((0.1,8.1585400390625,3.35));
#176=IFCCARTESIANPOINT((0.1,9.8585400390625,3.35));
#177=IFCPOLYLOOP((#173,#174,#175,#176));
#178=IFCFACEBOUND(#177,.T.);
#179=IFCFACE((#172,#178));
#180=IFCPOLYLOOP((#158,#157,#153,#152));
#181=IFCFACEOUTERBOUND(#180,.T.);
#182=IFCFACE((#181));
#183=IFCPOLYLOOP((#173,#165,#164,#174));
#184=IFCFACEOUTERBOUND(#183,.T.);
#185=IFCFACE((#184));
#186=IFCPOLYLOOP((#174,#164,#167,#175));
#187=IFCFACEOUTERBOUND(#186,.T.);
#188=IFCFACE((#187));
#189=IFCPOLYLOOP((#175,#167,#166,#176));
#190=IFCFACEOUTERBOUND(#189,.T.);
#191=IFCFACE((#190));
#192=IFCPOLYLOOP((#176,#166,#165,#173));
#193=IFCFACEOUTERBOUND(#192,.T.);
#194=IFCFACE((#193));
#195=IFCCLOSEDSHELL((#151,#156,#161,#170,#179,#182,#185,#188,#191,#194));
#196=IFCFACETEDBREP(#195);
#197=IFCCARTESIANPOINT((0.05,9.8585400390625,0.05));
#198=IFCCARTESIANPOINT((0.06,9.8585400390625,0.05));
#199=IFCCARTESIANPOINT((0.06,8.1585400390625,0.05));
#200=IFCCARTESIANPOINT((0.05,8.1585400390625,0.05));
#201=IFCPOLYLOOP((#197,#198,#199,#200));
#202=IFCFACEOUTERBOUND(#201,.T.);
#203=IFCFACE((#202));
#204=IFCCARTESIANPOINT((0.06,8.1585400390625,3.35));
#205=IFCCARTESIANPOINT((0.05,8.1585400390625,3.35));
#206=IFCPOLYLOOP((#200,#199,#204,#205));
#207=IFCFACEOUTERBOUND(#206,.T.);
#208=IFCFACE((#207));
#209=IFCCARTESIANPOINT((0.06,9.8585400390625,3.35));
#210=IFCCARTESIANPOINT((0.05,9.8585400390625,3.35));
#211=IFCPOLYLOOP((#205,#204,#209,#210));
#212=IFCFACEOUTERBOUND(#211,.T.);
#213=IFCFACE((#212));
#214=IFCPOLYLOOP((#210,#209,#198,#197));
#215=IFCFACEOUTERBOUND(#214,.T.);
#216=IFCFACE((#215));
#217=IFCPOLYLOOP((#197,#200,#205,#210));
#218=IFCFACEOUTERBOUND(#217,.T.);
#219=IFCFACE((#218));
#220=IFCPOLYLOOP((#199,#198,#209,#204));
#221=IFCFACEOUTERBOUND(#220,.T.);
#222=IFCFACE((#221));
#223=IFCCLOSEDSHELL((#203,#208,#213,#216,#219,#222));
#224=IFCFACETEDBREP(#223);
#225=IFCSTYLEDITEM(#196,(#87),$);
#226=IFCCOLOURRGB($,0.0823529437184334,0.666666686534882,0.749019622802734);
#227=IFCSURFACESTYLERENDERING(#226,0.850000023841858,$,$,$,$,$,$,.FLAT.);
#228=IFCSURFACESTYLE($,.BOTH.,(#227));
#229=IFCPRESENTATIONSTYLEASSIGNMENT((#228));
#230=IFCSTYLEDITEM(#224,(#229),$);
#231=IFCSHAPEREPRESENTATION(#22,'Body','Brep',(#196,#224));
#232=IFCPRODUCTDEFINITIONSHAPE($,$,(#231));
#233=IFCWINDOW('2J8N_h_ObBhuCQVnktuxoM',#5,'Sub-Surface10','',$,#40,#232,$,3400.,1800.,.WINDOW.,.SINGLE_PANEL.,$);
#234=IFCRECTANGLEPROFILEDEF(.AREA.,'rectangular',#94,8.,0.2);
#235=IFCCARTESIANPOINT((0.1,4.,0.));
#236=IFCAXIS2PLACEMENT3D(#235,#7,#6);
#237=IFCEXTRUDEDAREASOLID(#234,#236,#7,3.5);
#238=IFCSTYLEDITEM(#237,(#102),$);
#239=IFCSHAPEREPRESENTATION(#22,'Body','SweptSolid',(#237));
#240=IFCPOLYLINE((#106,#8));
#241=IFCCOMPOSITECURVESEGMENT(.CONTINUOUS.,.T.,#240);
#242=IFCCOMPOSITECURVE((#241),.F.);
#243=IFCSHAPEREPRESENTATION(#52,'Axis','Curve2D',(#242));
#244=IFCPRODUCTDEFINITIONSHAPE($,$,(#239,#243));
#245=IFCWALL('0HkX$VpB53k81Lnh9EeSUx',#5,'Surface7','',$,#40,#244,$,.MOVABLE.);
#246=IFCCARTESIANPOINT((-3.,5.5034140625,0.6552177734375));
#247=IFCCARTESIANPOINT((3.,5.5034140625,0.6552177734375));
#248=IFCCARTESIANPOINT((3.,2.5034140625,0.6552177734375));
#249=IFCCARTESIANPOINT((-3.,2.5034140625,0.6552177734375));
#250=IFCPOLYLOOP((#246,#247,#248,#249));
#251=IFCFACEOUTERBOUND(#250,.T.);
#252=IFCFACE((#251));
#253=IFCCARTESIANPOINT((3.,2.5034140625,2.6552177734375));
#254=IFCCARTESIANPOINT((-3.,2.5034140625,2.6552177734375));
#255=IFCPOLYLOOP((#249,#248,#253,#254));
#256=IFCFACEOUTERBOUND(#255,.T.);
#257=IFCFACE((#256));
#258=IFCCARTESIANPOINT((3.,5.5034140625,2.6552177734375));
#259=IFCCARTESIANPOINT((-3.,5.5034140625,2.6552177734375));
#260=IFCPOLYLOOP((#254,#253,#258,#259));
#261=IFCFACEOUTERBOUND(#260,.T.);
#262=IFCFACE((#261));
#263=IFCPOLYLOOP((#259,#258,#247,#246));
#264=IFCFACEOUTERBOUND(#263,.T.);
#265=IFCFACE((#264));
#266=IFCPOLYLOOP((#248,#247,#258,#253));
#267=IFCFACEOUTERBOUND(#266,.T.);
#268=IFCFACE((#267));
#269=IFCPOLYLOOP((#246,#249,#254,#259));
#270=IFCFACEOUTERBOUND(#269,.T.);
#271=IFCFACE((#270));
#272=IFCCLOSEDSHELL((#252,#257,#262,#265,#268,#271));
#273=IFCFACETEDBREP(#272);
#274=IFCSHAPEREPRESENTATION(#22,'Body','Brep',(#273));
#275=IFCPRODUCTDEFINITIONSHAPE($,$,(#274));
#276=IFCOPENINGELEMENT('1fBldvDmf2YO6y9EvyzTa7',#5,'Sub-Surface8',$,$,#40,#275,$,$);
#277=IFCRELVOIDSELEMENT('26CiATcHLArOUjznuCgPVu',#5,'Subtraction','',#245,#276);
#278=IFCCARTESIANPOINT((0.,5.5034140625,0.6552177734375));
#279=IFCCARTESIANPOINT((0.1,5.5034140625,0.6552177734375));
#280=IFCCARTESIANPOINT((0.1,2.5034140625,0.6552177734375));
#281=IFCCARTESIANPOINT((0.,2.5034140625,0.6552177734375));
#282=IFCPOLYLOOP((#278,#279,#280,#281));
#283=IFCFACEOUTERBOUND(#282,.T.);
#284=IFCFACE((#283));
#285=IFCCARTESIANPOINT((0.,5.5034140625,2.6552177734375));
#286=IFCCARTESIANPOINT((0.1,5.5034140625,2.6552177734375));
#287=IFCPOLYLOOP((#285,#286,#279,#278));
#288=IFCFACEOUTERBOUND(#287,.T.);
#289=IFCFACE((#288));
#290=IFCCARTESIANPOINT((0.1,2.5034140625,2.6552177734375));
#291=IFCCARTESIANPOINT((0.,2.5034140625,2.6552177734375));
#292=IFCPOLYLOOP((#281,#280,#290,#291));
#293=IFCFACEOUTERBOUND(#292,.T.);
#294=IFCFACE((#293));
#295=IFCPOLYLOOP((#278,#281,#291,#285));
#296=IFCFACEOUTERBOUND(#295,.T.);
#297=IFCCARTESIANPOINT((0.,2.5534140625,0.7052177734375));
#298=IFCCARTESIANPOINT((0.,5.4534140625,0.7052177734375));
#299=IFCCARTESIANPOINT((0.,5.4534140625,2.6052177734375));
#300=IFCCARTESIANPOINT((0.,2.5534140625,2.6052177734375));
#301=IFCPOLYLOOP((#297,#298,#299,#300));
#302=IFCFACEBOUND(#301,.T.);
#303=IFCFACE((#296,#302));
#304=IFCPOLYLOOP((#280,#279,#286,#290));
#305=IFCFACEOUTERBOUND(#304,.T.);
#306=IFCCARTESIANPOINT((0.1,5.4534140625,0.7052177734375));
#307=IFCCARTESIANPOINT((0.1,2.5534140625,0.7052177734375));
#308=IFCCARTESIANPOINT((0.1,2.5534140625,2.6052177734375));
#309=IFCCARTESIANPOINT((0.1,5.4534140625,2.6052177734375));
#310=IFCPOLYLOOP((#306,#307,#308,#309));
#311=IFCFACEBOUND(#310,.T.);
#312=IFCFACE((#305,#311));
#313=IFCPOLYLOOP((#291,#290,#286,#285));
#314=IFCFACEOUTERBOUND(#313,.T.);
#315=IFCFACE((#314));
#316=IFCPOLYLOOP((#306,#298,#297,#307));
#317=IFCFACEOUTERBOUND(#316,.T.);
#318=IFCFACE((#317));
#319=IFCPOLYLOOP((#307,#297,#300,#308));
#320=IFCFACEOUTERBOUND(#319,.T.);
#321=IFCFACE((#320));
#322=IFCPOLYLOOP((#308,#300,#299,#309));
#323=IFCFACEOUTERBOUND(#322,.T.);
#324=IFCFACE((#323));
#325=IFCPOLYLOOP((#309,#299,#298,#306));
#326=IFCFACEOUTERBOUND(#325,.T.);
#327=IFCFACE((#326));
#328=IFCCLOSEDSHELL((#284,#289,#294,#303,#312,#315,#318,#321,#324,#327));
#329=IFCFACETEDBREP(#328);
#330=IFCCARTESIANPOINT((0.05,5.4534140625,0.7052177734375));
#331=IFCCARTESIANPOINT((0.06,5.4534140625,0.7052177734375));
#332=IFCCARTESIANPOINT((0.06,2.5534140625,0.7052177734375));
#333=IFCCARTESIANPOINT((0.05,2.5534140625,0.7052177734375));
#334=IFCPOLYLOOP((#330,#331,#332,#333));
#335=IFCFACEOUTERBOUND(#334,.T.);
#336=IFCFACE((#335));
#337=IFCCARTESIANPOINT((0.06,2.5534140625,2.6052177734375));
#338=IFCCARTESIANPOINT((0.05,2.5534140625,2.6052177734375));
#339=IFCPOLYLOOP((#333,#332,#337,#338));
#340=IFCFACEOUTERBOUND(#339,.T.);
#341=IFCFACE((#340));
#342=IFCCARTESIANPOINT((0.06,5.4534140625,2.6052177734375));
#343=IFCCARTESIANPOINT((0.05,5.4534140625,2.6052177734375));
#344=IFCPOLYLOOP((#338,#337,#342,#343));
#345=IFCFACEOUTERBOUND(#344,.T.);
#346=IFCFACE((#345));
#347=IFCPOLYLOOP((#343,#342,#331,#330));
#348=IFCFACEOUTERBOUND(#347,.T.);
#349=IFCFACE((#348));
#350=IFCPOLYLOOP((#330,#333,#338,#343));
#351=IFCFACEOUTERBOUND(#350,.T.);
#352=IFCFACE((#351));
#353=IFCPOLYLOOP((#332,#331,#342,#337));
#354=IFCFACEOUTERBOUND(#353,.T.);
#355=IFCFACE((#354));
#356=IFCCLOSEDSHELL((#336,#341,#346,#349,#352,#355));
#357=IFCFACETEDBREP(#356);
#358=IFCSTYLEDITEM(#329,(#87),$);
#359=IFCSTYLEDITEM(#357,(#229),$);
#360=IFCSHAPEREPRESENTATION(#22,'Body','Brep',(#329,#357));
#361=IFCPRODUCTDEFINITIONSHAPE($,$,(#360));
#362=IFCWINDOW('0gqKFkWIT8p9h11NXJDlwW',#5,'Sub-Surface8','',$,#40,#361,$,2000.,3000.,.WINDOW.,.SINGLE_PANEL.,$);
#363=IFCRECTANGLEPROFILEDEF(.AREA.,'rectangular',#29,12.,0.2);
#364=IFCCARTESIANPOINT((6.,0.1,0.));
#365=IFCAXIS2PLACEMENT3D(#364,#7,#6);
#366=IFCEXTRUDEDAREASOLID(#363,#365,#7,3.5);
#367=IFCSTYLEDITEM(#366,(#102),$);
#368=IFCSHAPEREPRESENTATION(#22,'Body','SweptSolid',(#366));
#369=IFCCARTESIANPOINT((12.,0.,0.));
#370=IFCPOLYLINE((#8,#369));
#371=IFCCOMPOSITECURVESEGMENT(.CONTINUOUS.,.T.,#370);
#372=IFCCOMPOSITECURVE((#371),.F.);
#373=IFCSHAPEREPRESENTATION(#52,'Axis','Curve2D',(#372));
#374=IFCPRODUCTDEFINITIONSHAPE($,$,(#368,#373));
#375=IFCWALL('3m8wLCJMT9nfl2WaxrZ$8x',#5,'Surface12','',$,#40,#374,$,.MOVABLE.);
#376=IFCCARTESIANPOINT((0.2,-11.6,0.174820602416995));
#377=IFCCARTESIANPOINT((0.2,11.6,0.17482060241699));
#378=IFCCARTESIANPOINT((11.8,11.6,0.17482060241699));
#379=IFCCARTESIANPOINT((11.8,-11.6,0.174820602416995));
#380=IFCPOLYLOOP((#376,#377,#378,#379));
#381=IFCFACEOUTERBOUND(#380,.T.);
#382=IFCFACE((#381));
#383=IFCCARTESIANPOINT((11.8,11.6,3.27482060241699));
#384=IFCCARTESIANPOINT((11.8,-11.6,3.274820602417));
#385=IFCPOLYLOOP((#379,#378,#383,#384));
#386=IFCFACEOUTERBOUND(#385,.T.);
#387=IFCFACE((#386));
#388=IFCCARTESIANPOINT((0.2,11.6,3.27482060241699));
#389=IFCCARTESIANPOINT((0.2,-11.6,3.274820602417));
#390=IFCPOLYLOOP((#384,#383,#388,#389));
#391=IFCFACEOUTERBOUND(#390,.T.);
#392=IFCFACE((#391));
#393=IFCPOLYLOOP((#389,#388,#377,#376));
#394=IFCFACEOUTERBOUND(#393,.T.);
#395=IFCFACE((#394));
#396=IFCPOLYLOOP((#378,#377,#388,#383));
#397=IFCFACEOUTERBOUND(#396,.T.);
#398=IFCFACE((#397));
#399=IFCPOLYLOOP((#376,#379,#384,#389));
#400=IFCFACEOUTERBOUND(#399,.T.);
#401=IFCFACE((#400));
#402=IFCCLOSEDSHELL((#382,#387,#392,#395,#398,#401));
#403=IFCFACETEDBREP(#402);
#404=IFCSHAPEREPRESENTATION(#22,'Body','Brep',(#403));
#405=IFCPRODUCTDEFINITIONSHAPE($,$,(#404));
#406=IFCOPENINGELEMENT('1$zlkUBLHE_Q_DTAttl4u8',#5,'Sub-Surface13',$,$,#40,#405,$,$);
#407=IFCRELVOIDSELEMENT('1Lzt3PCtfF99liRDctKxoO',#5,'Subtraction','',#375,#406);
#408=IFCCARTESIANPOINT((0.2,0.,0.174820602416992));
#409=IFCCARTESIANPOINT((0.2,0.1,0.174820602416992));
#410=IFCCARTESIANPOINT((11.8,0.1,0.174820602416992));
#411=IFCCARTESIANPOINT((11.8,0.,0.174820602416992));
#412=IFCPOLYLOOP((#408,#409,#410,#411));
#413=IFCFACEOUTERBOUND(#412,.T.);
#414=IFCFACE((#413));
#415=IFCCARTESIANPOINT((0.2,6.88338275267597E-16,3.27482060241699));
#416=IFCCARTESIANPOINT((0.2,0.100000000000001,3.27482060241699));
#417=IFCPOLYLOOP((#415,#416,#409,#408));
#418=IFCFACEOUTERBOUND(#417,.T.);
#419=IFCFACE((#418));
#420=IFCCARTESIANPOINT((11.8,0.100000000000001,3.27482060241699));
#421=IFCCARTESIANPOINT((11.8,6.88338275267597E-16,3.27482060241699));
#422=IFCPOLYLOOP((#411,#410,#420,#421));
#423=IFCFACEOUTERBOUND(#422,.T.);
#424=IFCFACE((#423));
#425=IFCPOLYLOOP((#408,#411,#421,#415));
#426=IFCFACEOUTERBOUND(#425,.T.);
#427=IFCCARTESIANPOINT((11.75,1.11022302462516E-17,0.224820602416992));
#428=IFCCARTESIANPOINT((0.25,1.11022302462516E-17,0.224820602416992));
#429=IFCCARTESIANPOINT((0.25,6.77236045021346E-16,3.22482060241699));
#430=IFCCARTESIANPOINT((11.75,6.77236045021346E-16,3.22482060241699));
#431=IFCPOLYLOOP((#427,#428,#429,#430));
#432=IFCFACEBOUND(#431,.T.);
#433=IFCFACE((#426,#432));
#434=IFCPOLYLOOP((#410,#409,#416,#420));
#435=IFCFACEOUTERBOUND(#434,.T.);
#436=IFCCARTESIANPOINT((0.25,0.1,0.224820602416992));
#437=IFCCARTESIANPOINT((11.75,0.1,0.224820602416992));
#438=IFCCARTESIANPOINT((11.75,0.100000000000001,3.22482060241699));
#439=IFCCARTESIANPOINT((0.25,0.100000000000001,3.22482060241699));
#440=IFCPOLYLOOP((#436,#437,#438,#439));
#441=IFCFACEBOUND(#440,.T.);
#442=IFCFACE((#435,#441));
#443=IFCPOLYLOOP((#421,#420,#416,#415));
#444=IFCFACEOUTERBOUND(#443,.T.);
#445=IFCFACE((#444));
#446=IFCPOLYLOOP((#436,#428,#427,#437));
#447=IFCFACEOUTERBOUND(#446,.T.);
#448=IFCFACE((#447));
#449=IFCPOLYLOOP((#437,#427,#430,#438));
#450=IFCFACEOUTERBOUND(#449,.T.);
#451=IFCFACE((#450));
#452=IFCPOLYLOOP((#438,#430,#429,#439));
#453=IFCFACEOUTERBOUND(#452,.T.);
#454=IFCFACE((#453));
#455=IFCPOLYLOOP((#439,#429,#428,#436));
#456=IFCFACEOUTERBOUND(#455,.T.);
#457=IFCFACE((#456));
#458=IFCCLOSEDSHELL((#414,#419,#424,#433,#442,#445,#448,#451,#454,#457));
#459=IFCFACETEDBREP(#458);
#460=IFCCARTESIANPOINT((0.25,0.05,0.224820602416992));
#461=IFCCARTESIANPOINT((0.25,0.06,0.224820602416992));
#462=IFCCARTESIANPOINT((11.75,0.06,0.224820602416992));
#463=IFCCARTESIANPOINT((11.75,0.05,0.224820602416992));
#464=IFCPOLYLOOP((#460,#461,#462,#463));
#465=IFCFACEOUTERBOUND(#464,.T.);
#466=IFCFACE((#465));
#467=IFCCARTESIANPOINT((11.75,0.0600000000000007,3.22482060241699));
#468=IFCCARTESIANPOINT((11.75,0.0500000000000007,3.22482060241699));
#469=IFCPOLYLOOP((#463,#462,#467,#468));
#470=IFCFACEOUTERBOUND(#469,.T.);
#471=IFCFACE((#470));
#472=IFCCARTESIANPOINT((0.25,0.0600000000000007,3.22482060241699));
#473=IFCCARTESIANPOINT((0.25,0.0500000000000007,3.22482060241699));
#474=IFCPOLYLOOP((#468,#467,#472,#473));
#475=IFCFACEOUTERBOUND(#474,.T.);
#476=IFCFACE((#475));
#477=IFCPOLYLOOP((#473,#472,#461,#460));
#478=IFCFACEOUTERBOUND(#477,.T.);
#479=IFCFACE((#478));
#480=IFCPOLYLOOP((#460,#463,#468,#473));
#481=IFCFACEOUTERBOUND(#480,.T.);
#482=IFCFACE((#481));
#483=IFCPOLYLOOP((#462,#461,#472,#467));
#484=IFCFACEOUTERBOUND(#483,.T.);
#485=IFCFACE((#484));
#486=IFCCLOSEDSHELL((#466,#471,#476,#479,#482,#485));
#487=IFCFACETEDBREP(#486);
#488=IFCSTYLEDITEM(#459,(#87),$);
#489=IFCSTYLEDITEM(#487,(#229),$);
#490=IFCSHAPEREPRESENTATION(#22,'Body','Brep',(#459,#487));
#491=IFCPRODUCTDEFINITIONSHAPE($,$,(#490));
#492=IFCWINDOW('2ar1d37lrAoxL$YZFjzRob',#5,'Sub-Surface13','',$,#40,#491,$,3100.,11600.,.WINDOW.,.SINGLE_PANEL.,$);
#493=IFCCARTESIANPOINT((0.,1.4210854715202E-14));
#494=IFCAXIS2PLACEMENT2D(#493,#27);
#495=IFCRECTANGLEPROFILEDEF(.AREA.,'rectangular',#494,16.,0.2);
#496=IFCCARTESIANPOINT((20.,0.1,0.));
#497=IFCAXIS2PLACEMENT3D(#496,#7,#6);
#498=IFCEXTRUDEDAREASOLID(#495,#497,#7,3.5);
#499=IFCSTYLEDITEM(#498,(#102),$);
#500=IFCSHAPEREPRESENTATION(#22,'Body','SweptSolid',(#498));
#501=IFCCARTESIANPOINT((28.,0.,0.));
#502=IFCPOLYLINE((#369,#501));
#503=IFCCOMPOSITECURVESEGMENT(.CONTINUOUS.,.T.,#502);
#504=IFCCOMPOSITECURVE((#503),.F.);
#505=IFCSHAPEREPRESENTATION(#52,'Axis','Curve2D',(#504));
#506=IFCPRODUCTDEFINITIONSHAPE($,$,(#500,#505));
#507=IFCWALL('0bLSI5R0r6K8I7f3fC0fma',#5,'Surface15','',$,#40,#506,$,.MOVABLE.);
#508=IFCCARTESIANPOINT((14.4898818359375,-3.,0.682751220703126));
#509=IFCCARTESIANPOINT((14.4898818359375,3.,0.682751220703124));
#510=IFCCARTESIANPOINT((17.4898818359375,3.,0.682751220703124));
#511=IFCCARTESIANPOINT((17.4898818359375,-3.,0.682751220703126));
#512=IFCPOLYLOOP((#508,#509,#510,#511));
#513=IFCFACEOUTERBOUND(#512,.T.);
#514=IFCFACE((#513));
#515=IFCCARTESIANPOINT((17.4898818359375,3.,2.68275122070312));
#516=IFCCARTESIANPOINT((17.4898818359375,-3.,2.68275122070313));
#517=IFCPOLYLOOP((#511,#510,#515,#516));
#518=IFCFACEOUTERBOUND(#517,.T.);
#519=IFCFACE((#518));
#520=IFCCARTESIANPOINT((14.4898818359375,3.,2.68275122070312));
#521=IFCCARTESIANPOINT((14.4898818359375,-3.,2.68275122070313));
#522=IFCPOLYLOOP((#516,#515,#520,#521));
#523=IFCFACEOUTERBOUND(#522,.T.);
#524=IFCFACE((#523));
#525=IFCPOLYLOOP((#521,#520,#509,#508));
#526=IFCFACEOUTERBOUND(#525,.T.);
#527=IFCFACE((#526));
#528=IFCPOLYLOOP((#510,#509,#520,#515));
#529=IFCFACEOUTERBOUND(#528,.T.);
#530=IFCFACE((#529));
#531=IFCPOLYLOOP((#508,#511,#516,#521));
#532=IFCFACEOUTERBOUND(#531,.T.);
#533=IFCFACE((#532));
#534=IFCCLOSEDSHELL((#514,#519,#524,#527,#530,#533));
#535=IFCFACETEDBREP(#534);
#536=IFCSHAPEREPRESENTATION(#22,'Body','Brep',(#535));
#537=IFCPRODUCTDEFINITIONSHAPE($,$,(#536));
#538=IFCOPENINGELEMENT('0cp4tactz2Vx1fKFtwNQaD',#5,'Sub-Surface15',$,$,#40,#537,$,$);
#539=IFCRELVOIDSELEMENT('1tA$nM7i9FZO36epHlYnho',#5,'Subtraction','',#507,#538);
#540=IFCCARTESIANPOINT((22.5298671875,-3.,0.707135131835938));
#541=IFCCARTESIANPOINT((22.5298671875,3.,0.707135131835937));
#542=IFCCARTESIANPOINT((25.5298671875,3.,0.707135131835937));
#543=IFCCARTESIANPOINT((25.5298671875,-3.,0.707135131835938));
#544=IFCPOLYLOOP((#540,#541,#542,#543));
#545=IFCFACEOUTERBOUND(#544,.T.);
#546=IFCFACE((#545));
#547=IFCCARTESIANPOINT((25.5298671875,3.,2.70713513183594));
#548=IFCCARTESIANPOINT((25.5298671875,-3.,2.70713513183594));
#549=IFCPOLYLOOP((#543,#542,#547,#548));
#550=IFCFACEOUTERBOUND(#549,.T.);
#551=IFCFACE((#550));
#552=IFCCARTESIANPOINT((22.5298671875,3.,2.70713513183594));
#553=IFCCARTESIANPOINT((22.5298671875,-3.,2.70713513183594));
#554=IFCPOLYLOOP((#548,#547,#552,#553));
#555=IFCFACEOUTERBOUND(#554,.T.);
#556=IFCFACE((#555));
#557=IFCPOLYLOOP((#553,#552,#541,#540));
#558=IFCFACEOUTERBOUND(#557,.T.);
#559=IFCFACE((#558));
#560=IFCPOLYLOOP((#542,#541,#552,#547));
#561=IFCFACEOUTERBOUND(#560,.T.);
#562=IFCFACE((#561));
#563=IFCPOLYLOOP((#540,#543,#548,#553));
#564=IFCFACEOUTERBOUND(#563,.T.);
#565=IFCFACE((#564));
#566=IFCCLOSEDSHELL((#546,#551,#556,#559,#562,#565));
#567=IFCFACETEDBREP(#566);
#568=IFCSHAPEREPRESENTATION(#22,'Body','Brep',(#567));
#569=IFCPRODUCTDEFINITIONSHAPE($,$,(#568));
#570=IFCOPENINGELEMENT('10zHJ3q1X0Yuk4UR6b1SJH',#5,'Sub-Surface2',$,$,#40,#569,$,$);
#571=IFCRELVOIDSELEMENT('2NXIogq9zFzwPfZxd8aoWJ',#5,'Subtraction','',#507,#570);
#572=IFCCARTESIANPOINT((14.4898818359375,0.,0.682751220703125));
#573=IFCCARTESIANPOINT((14.4898818359375,0.1,0.682751220703125));
#574=IFCCARTESIANPOINT((17.4898818359375,0.1,0.682751220703125));
#575=IFCCARTESIANPOINT((17.4898818359375,0.,0.682751220703125));
#576=IFCPOLYLOOP((#572,#573,#574,#575));
#577=IFCFACEOUTERBOUND(#576,.T.);
#578=IFCFACE((#577));
#579=IFCCARTESIANPOINT((14.4898818359375,4.44089209850063E-16,2.68275122070313));
#580=IFCCARTESIANPOINT((14.4898818359375,0.1,2.68275122070313));
#581=IFCPOLYLOOP((#579,#580,#573,#572));
#582=IFCFACEOUTERBOUND(#581,.T.);
#583=IFCFACE((#582));
#584=IFCCARTESIANPOINT((17.4898818359375,0.1,2.68275122070313));
#585=IFCCARTESIANPOINT((17.4898818359375,4.44089209850063E-16,2.68275122070313));
#586=IFCPOLYLOOP((#575,#574,#584,#585));
#587=IFCFACEOUTERBOUND(#586,.T.);
#588=IFCFACE((#587));
#589=IFCPOLYLOOP((#572,#575,#585,#579));
#590=IFCFACEOUTERBOUND(#589,.T.);
#591=IFCCARTESIANPOINT((17.4398818359375,1.11022302462516E-17,0.732751220703125));
#592=IFCCARTESIANPOINT((14.5398818359375,1.11022302462516E-17,0.732751220703125));
#593=IFCCARTESIANPOINT((14.5398818359375,4.32986979603811E-16,2.63275122070312));
#594=IFCCARTESIANPOINT((17.4398818359375,4.32986979603811E-16,2.63275122070312));
#595=IFCPOLYLOOP((#591,#592,#593,#594));
#596=IFCFACEBOUND(#595,.T.);
#597=IFCFACE((#590,#596));
#598=IFCPOLYLOOP((#574,#573,#580,#584));
#599=IFCFACEOUTERBOUND(#598,.T.);
#600=IFCCARTESIANPOINT((14.5398818359375,0.1,0.732751220703125));
#601=IFCCARTESIANPOINT((17.4398818359375,0.1,0.732751220703125));
#602=IFCCARTESIANPOINT((17.4398818359375,0.1,2.63275122070312));
#603=IFCCARTESIANPOINT((14.5398818359375,0.1,2.63275122070312));
#604=IFCPOLYLOOP((#600,#601,#602,#603));
#605=IFCFACEBOUND(#604,.T.);
#606=IFCFACE((#599,#605));
#607=IFCPOLYLOOP((#585,#584,#580,#579));
#608=IFCFACEOUTERBOUND(#607,.T.);
#609=IFCFACE((#608));
#610=IFCPOLYLOOP((#600,#592,#591,#601));
#611=IFCFACEOUTERBOUND(#610,.T.);
#612=IFCFACE((#611));
#613=IFCPOLYLOOP((#601,#591,#594,#602));
#614=IFCFACEOUTERBOUND(#613,.T.);
#615=IFCFACE((#614));
#616=IFCPOLYLOOP((#602,#594,#593,#603));
#617=IFCFACEOUTERBOUND(#616,.T.);
#618=IFCFACE((#617));
#619=IFCPOLYLOOP((#603,#593,#592,#600));
#620=IFCFACEOUTERBOUND(#619,.T.);
#621=IFCFACE((#620));
#622=IFCCLOSEDSHELL((#578,#583,#588,#597,#606,#609,#612,#615,#618,#621));
#623=IFCFACETEDBREP(#622);
#624=IFCCARTESIANPOINT((14.5398818359375,0.05,0.732751220703125));
#625=IFCCARTESIANPOINT((14.5398818359375,0.06,0.732751220703125));
#626=IFCCARTESIANPOINT((17.4398818359375,0.06,0.732751220703125));
#627=IFCCARTESIANPOINT((17.4398818359375,0.05,0.732751220703125));
#628=IFCPOLYLOOP((#624,#625,#626,#627));
#629=IFCFACEOUTERBOUND(#628,.T.);
#630=IFCFACE((#629));
#631=IFCCARTESIANPOINT((17.4398818359375,0.0600000000000004,2.63275122070312));
#632=IFCCARTESIANPOINT((17.4398818359375,0.0500000000000004,2.63275122070312));
#633=IFCPOLYLOOP((#627,#626,#631,#632));
#634=IFCFACEOUTERBOUND(#633,.T.);
#635=IFCFACE((#634));
#636=IFCCARTESIANPOINT((14.5398818359375,0.0600000000000004,2.63275122070312));
#637=IFCCARTESIANPOINT((14.5398818359375,0.0500000000000004,2.63275122070312));
#638=IFCPOLYLOOP((#632,#631,#636,#637));
#639=IFCFACEOUTERBOUND(#638,.T.);
#640=IFCFACE((#639));
#641=IFCPOLYLOOP((#637,#636,#625,#624));
#642=IFCFACEOUTERBOUND(#641,.T.);
#643=IFCFACE((#642));
#644=IFCPOLYLOOP((#624,#627,#632,#637));
#645=IFCFACEOUTERBOUND(#644,.T.);
#646=IFCFACE((#645));
#647=IFCPOLYLOOP((#626,#625,#636,#631));
#648=IFCFACEOUTERBOUND(#647,.T.);
#649=IFCFACE((#648));
#650=IFCCLOSEDSHELL((#630,#635,#640,#643,#646,#649));
#651=IFCFACETEDBREP(#650);
#652=IFCSTYLEDITEM(#623,(#87),$);
#653=IFCSTYLEDITEM(#651,(#229),$);
#654=IFCSHAPEREPRESENTATION(#22,'Body','Brep',(#623,#651));
#655=IFCPRODUCTDEFINITIONSHAPE($,$,(#654));
#656=IFCWINDOW('1wGL8FjtrBEQlCjarCJ4CY',#5,'Sub-Surface15','',$,#40,#655,$,2000.,3000.,.WINDOW.,.SINGLE_PANEL.,$);
#657=IFCCARTESIANPOINT((22.5298671875,0.,0.707135131835938));
#658=IFCCARTESIANPOINT((22.5298671875,0.1,0.707135131835938));
#659=IFCCARTESIANPOINT((25.5298671875,0.1,0.707135131835938));
#660=IFCCARTESIANPOINT((25.5298671875,0.,0.707135131835938));
#661=IFCPOLYLOOP((#657,#658,#659,#660));
#662=IFCFACEOUTERBOUND(#661,.T.);
#663=IFCFACE((#662));
#664=IFCCARTESIANPOINT((22.5298671875,4.44089209850063E-16,2.70713513183594));
#665=IFCCARTESIANPOINT((22.5298671875,0.1,2.70713513183594));
#666=IFCPOLYLOOP((#664,#665,#658,#657));
#667=IFCFACEOUTERBOUND(#666,.T.);
#668=IFCFACE((#667));
#669=IFCCARTESIANPOINT((25.5298671875,0.1,2.70713513183594));
#670=IFCCARTESIANPOINT((25.5298671875,4.44089209850063E-16,2.70713513183594));
#671=IFCPOLYLOOP((#660,#659,#669,#670));
#672=IFCFACEOUTERBOUND(#671,.T.);
#673=IFCFACE((#672));
#674=IFCPOLYLOOP((#657,#660,#670,#664));
#675=IFCFACEOUTERBOUND(#674,.T.);
#676=IFCCARTESIANPOINT((25.4798671875,1.11022302462516E-17,0.757135131835938));
#677=IFCCARTESIANPOINT((22.5798671875,1.11022302462516E-17,0.757135131835938));
#678=IFCCARTESIANPOINT((22.5798671875,4.32986979603811E-16,2.65713513183594));
#679=IFCCARTESIANPOINT((25.4798671875,4.32986979603811E-16,2.65713513183594));
#680=IFCPOLYLOOP((#676,#677,#678,#679));
#681=IFCFACEBOUND(#680,.T.);
#682=IFCFACE((#675,#681));
#683=IFCPOLYLOOP((#659,#658,#665,#669));
#684=IFCFACEOUTERBOUND(#683,.T.);
#685=IFCCARTESIANPOINT((22.5798671875,0.1,0.757135131835938));
#686=IFCCARTESIANPOINT((25.4798671875,0.1,0.757135131835938));
#687=IFCCARTESIANPOINT((25.4798671875,0.1,2.65713513183594));
#688=IFCCARTESIANPOINT((22.5798671875,0.1,2.65713513183594));
#689=IFCPOLYLOOP((#685,#686,#687,#688));
#690=IFCFACEBOUND(#689,.T.);
#691=IFCFACE((#684,#690));
#692=IFCPOLYLOOP((#670,#669,#665,#664));
#693=IFCFACEOUTERBOUND(#692,.T.);
#694=IFCFACE((#693));
#695=IFCPOLYLOOP((#685,#677,#676,#686));
#696=IFCFACEOUTERBOUND(#695,.T.);
#697=IFCFACE((#696));
#698=IFCPOLYLOOP((#686,#676,#679,#687));
#699=IFCFACEOUTERBOUND(#698,.T.);
#700=IFCFACE((#699));
#701=IFCPOLYLOOP((#687,#679,#678,#688));
#702=IFCFACEOUTERBOUND(#701,.T.);
#703=IFCFACE((#702));
#704=IFCPOLYLOOP((#688,#678,#677,#685));
#705=IFCFACEOUTERBOUND(#704,.T.);
#706=IFCFACE((#705));
#707=IFCCLOSEDSHELL((#663,#668,#673,#682,#691,#694,#697,#700,#703,#706));
#708=IFCFACETEDBREP(#707);
#709=IFCCARTESIANPOINT((22.5798671875,0.05,0.757135131835938));
#710=IFCCARTESIANPOINT((22.5798671875,0.06,0.757135131835938));
#711=IFCCARTESIANPOINT((25.4798671875,0.06,0.757135131835938));
#712=IFCCARTESIANPOINT((25.4798671875,0.05,0.757135131835938));
#713=IFCPOLYLOOP((#709,#710,#711,#712));
#714=IFCFACEOUTERBOUND(#713,.T.);
#715=IFCFACE((#714));
#716=IFCCARTESIANPOINT((25.4798671875,0.0600000000000004,2.65713513183594));
#717=IFCCARTESIANPOINT((25.4798671875,0.0500000000000004,2.65713513183594));
#718=IFCPOLYLOOP((#712,#711,#716,#717));
#719=IFCFACEOUTERBOUND(#718,.T.);
#720=IFCFACE((#719));
#721=IFCCARTESIANPOINT((22.5798671875,0.0600000000000004,2.65713513183594));
#722=IFCCARTESIANPOINT((22.5798671875,0.0500000000000004,2.65713513183594));
#723=IFCPOLYLOOP((#717,#716,#721,#722));
#724=IFCFACEOUTERBOUND(#723,.T.);
#725=IFCFACE((#724));
#726=IFCPOLYLOOP((#722,#721,#710,#709));
#727=IFCFACEOUTERBOUND(#726,.T.);
#728=IFCFACE((#727));
#729=IFCPOLYLOOP((#709,#712,#717,#722));
#730=IFCFACEOUTERBOUND(#729,.T.);
#731=IFCFACE((#730));
#732=IFCPOLYLOOP((#711,#710,#721,#716));
#733=IFCFACEOUTERBOUND(#732,.T.);
#734=IFCFACE((#733));
#735=IFCCLOSEDSHELL((#715,#720,#725,#728,#731,#734));
#736=IFCFACETEDBREP(#735);
#737=IFCSTYLEDITEM(#708,(#87),$);
#738=IFCSTYLEDITEM(#736,(#229),$);
#739=IFCSHAPEREPRESENTATION(#22,'Body','Brep',(#708,#736));
#740=IFCPRODUCTDEFINITIONSHAPE($,$,(#739));
#741=IFCWINDOW('1sqHtcPq92hPRIp5lLqxhi',#5,'Sub-Surface2','',$,#40,#740,$,2000.,3000.,.WINDOW.,.SINGLE_PANEL.,$);
#742=IFCCARTESIANPOINT((34.,0.1,0.));
#743=IFCAXIS2PLACEMENT3D(#742,#7,#6);
#744=IFCEXTRUDEDAREASOLID(#363,#743,#7,3.5);
#745=IFCSTYLEDITEM(#744,(#102),$);
#746=IFCSHAPEREPRESENTATION(#22,'Body','SweptSolid',(#744));
#747=IFCPOLYLINE((#501,#42));
#748=IFCCOMPOSITECURVESEGMENT(.CONTINUOUS.,.T.,#747);
#749=IFCCOMPOSITECURVE((#748),.F.);
#750=IFCSHAPEREPRESENTATION(#52,'Axis','Curve2D',(#749));
#751=IFCPRODUCTDEFINITIONSHAPE($,$,(#746,#750));
#752=IFCWALL('20yYpS5OvCRuvlwCwwUnPR',#5,'Surface21','',$,#40,#751,$,.MOVABLE.);
#753=IFCAXIS2PLACEMENT2D(#28,#92);
#754=IFCRECTANGLEPROFILEDEF(.AREA.,'rectangular',#753,8.,0.2);
#755=IFCCARTESIANPOINT((39.9,4.,0.));
#756=IFCAXIS2PLACEMENT3D(#755,#7,#6);
#757=IFCEXTRUDEDAREASOLID(#754,#756,#7,3.5);
#758=IFCSTYLEDITEM(#757,(#102),$);
#759=IFCSHAPEREPRESENTATION(#22,'Body','SweptSolid',(#757));
#760=IFCCARTESIANPOINT((40.,8.,0.));
#761=IFCPOLYLINE((#42,#760));
#762=IFCCOMPOSITECURVESEGMENT(.CONTINUOUS.,.T.,#761);
#763=IFCCOMPOSITECURVE((#762),.F.);
#764=IFCSHAPEREPRESENTATION(#52,'Axis','Curve2D',(#763));
#765=IFCPRODUCTDEFINITIONSHAPE($,$,(#759,#764));
#766=IFCWALL('3ONJiaDsX1qhpLlJxXRyfN',#5,'Surface24','',$,#40,#765,$,.MOVABLE.);
#767=IFCCARTESIANPOINT((43.,2.554384765625,0.714784423828125));
#768=IFCCARTESIANPOINT((37.,2.554384765625,0.714784423828125));
#769=IFCCARTESIANPOINT((37.,5.554384765625,0.714784423828125));
#770=IFCCARTESIANPOINT((43.,5.554384765625,0.714784423828125));
#771=IFCPOLYLOOP((#767,#768,#769,#770));
#772=IFCFACEOUTERBOUND(#771,.T.);
#773=IFCFACE((#772));
#774=IFCCARTESIANPOINT((37.,5.554384765625,2.71478442382812));
#775=IFCCARTESIANPOINT((43.,5.554384765625,2.71478442382812));
#776=IFCPOLYLOOP((#770,#769,#774,#775));
#777=IFCFACEOUTERBOUND(#776,.T.);
#778=IFCFACE((#777));
#779=IFCCARTESIANPOINT((37.,2.554384765625,2.71478442382812));
#780=IFCCARTESIANPOINT((43.,2.554384765625,2.71478442382812));
#781=IFCPOLYLOOP((#775,#774,#779,#780));
#782=IFCFACEOUTERBOUND(#781,.T.);
#783=IFCFACE((#782));
#784=IFCPOLYLOOP((#780,#779,#768,#767));
#785=IFCFACEOUTERBOUND(#784,.T.);
#786=IFCFACE((#785));
#787=IFCPOLYLOOP((#769,#768,#779,#774));
#788=IFCFACEOUTERBOUND(#787,.T.);
#789=IFCFACE((#788));
#790=IFCPOLYLOOP((#767,#770,#775,#780));
#791=IFCFACEOUTERBOUND(#790,.T.);
#792=IFCFACE((#791));
#793=IFCCLOSEDSHELL((#773,#778,#783,#786,#789,#792));
#794=IFCFACETEDBREP(#793);
#795=IFCSHAPEREPRESENTATION(#22,'Body','Brep',(#794));
#796=IFCPRODUCTDEFINITIONSHAPE($,$,(#795));
#797=IFCOPENINGELEMENT('0KIsz6suT0tQWvs3d4Oz83',#5,'Sub-Surface6',$,$,#40,#796,$,$);
#798=IFCRELVOIDSELEMENT('0YZ$UojhX6TfBiiCLTyC8D',#5,'Subtraction','',#766,#797);
#799=IFCCARTESIANPOINT((40.,2.554384765625,0.714784423828125));
#800=IFCCARTESIANPOINT((39.9,2.554384765625,0.714784423828125));
#801=IFCCARTESIANPOINT((39.9,5.554384765625,0.714784423828125));
#802=IFCCARTESIANPOINT((40.,5.554384765625,0.714784423828125));
#803=IFCPOLYLOOP((#799,#800,#801,#802));
#804=IFCFACEOUTERBOUND(#803,.T.);
#805=IFCFACE((#804));
#806=IFCCARTESIANPOINT((40.,2.554384765625,2.71478442382812));
#807=IFCCARTESIANPOINT((39.9,2.554384765625,2.71478442382812));
#808=IFCPOLYLOOP((#806,#807,#800,#799));
#809=IFCFACEOUTERBOUND(#808,.T.);
#810=IFCFACE((#809));
#811=IFCCARTESIANPOINT((39.9,5.554384765625,2.71478442382812));
#812=IFCCARTESIANPOINT((40.,5.554384765625,2.71478442382812));
#813=IFCPOLYLOOP((#802,#801,#811,#812));
#814=IFCFACEOUTERBOUND(#813,.T.);
#815=IFCFACE((#814));
#816=IFCPOLYLOOP((#799,#802,#812,#806));
#817=IFCFACEOUTERBOUND(#816,.T.);
#818=IFCCARTESIANPOINT((40.,5.504384765625,0.764784423828125));
#819=IFCCARTESIANPOINT((40.,2.604384765625,0.764784423828125));
#820=IFCCARTESIANPOINT((40.,2.604384765625,2.66478442382813));
#821=IFCCARTESIANPOINT((40.,5.504384765625,2.66478442382813));
#822=IFCPOLYLOOP((#818,#819,#820,#821));
#823=IFCFACEBOUND(#822,.T.);
#824=IFCFACE((#817,#823));
#825=IFCPOLYLOOP((#801,#800,#807,#811));
#826=IFCFACEOUTERBOUND(#825,.T.);
#827=IFCCARTESIANPOINT((39.9,2.604384765625,0.764784423828125));
#828=IFCCARTESIANPOINT((39.9,5.504384765625,0.764784423828125));
#829=IFCCARTESIANPOINT((39.9,5.504384765625,2.66478442382813));
#830=IFCCARTESIANPOINT((39.9,2.604384765625,2.66478442382813));
#831=IFCPOLYLOOP((#827,#828,#829,#830));
#832=IFCFACEBOUND(#831,.T.);
#833=IFCFACE((#826,#832));
#834=IFCPOLYLOOP((#812,#811,#807,#806));
#835=IFCFACEOUTERBOUND(#834,.T.);
#836=IFCFACE((#835));
#837=IFCPOLYLOOP((#827,#819,#818,#828));
#838=IFCFACEOUTERBOUND(#837,.T.);
#839=IFCFACE((#838));
#840=IFCPOLYLOOP((#828,#818,#821,#829));
#841=IFCFACEOUTERBOUND(#840,.T.);
#842=IFCFACE((#841));
#843=IFCPOLYLOOP((#829,#821,#820,#830));
#844=IFCFACEOUTERBOUND(#843,.T.);
#845=IFCFACE((#844));
#846=IFCPOLYLOOP((#830,#820,#819,#827));
#847=IFCFACEOUTERBOUND(#846,.T.);
#848=IFCFACE((#847));
#849=IFCCLOSEDSHELL((#805,#810,#815,#824,#833,#836,#839,#842,#845,#848));
#850=IFCFACETEDBREP(#849);
#851=IFCCARTESIANPOINT((39.95,2.604384765625,0.764784423828125));
#852=IFCCARTESIANPOINT((39.94,2.604384765625,0.764784423828125));
#853=IFCCARTESIANPOINT((39.94,5.504384765625,0.764784423828125));
#854=IFCCARTESIANPOINT((39.95,5.504384765625,0.764784423828125));
#855=IFCPOLYLOOP((#851,#852,#853,#854));
#856=IFCFACEOUTERBOUND(#855,.T.);
#857=IFCFACE((#856));
#858=IFCCARTESIANPOINT((39.94,5.504384765625,2.66478442382813));
#859=IFCCARTESIANPOINT((39.95,5.504384765625,2.66478442382813));
#860=IFCPOLYLOOP((#854,#853,#858,#859));
#861=IFCFACEOUTERBOUND(#860,.T.);
#862=IFCFACE((#861));
#863=IFCCARTESIANPOINT((39.94,2.604384765625,2.66478442382813));
#864=IFCCARTESIANPOINT((39.95,2.604384765625,2.66478442382813));
#865=IFCPOLYLOOP((#859,#858,#863,#864));
#866=IFCFACEOUTERBOUND(#865,.T.);
#867=IFCFACE((#866));
#868=IFCPOLYLOOP((#864,#863,#852,#851));
#869=IFCFACEOUTERBOUND(#868,.T.);
#870=IFCFACE((#869));
#871=IFCPOLYLOOP((#851,#854,#859,#864));
#872=IFCFACEOUTERBOUND(#871,.T.);
#873=IFCFACE((#872));
#874=IFCPOLYLOOP((#853,#852,#863,#858));
#875=IFCFACEOUTERBOUND(#874,.T.);
#876=IFCFACE((#875));
#877=IFCCLOSEDSHELL((#857,#862,#867,#870,#873,#876));
#878=IFCFACETEDBREP(#877);
#879=IFCSTYLEDITEM(#850,(#87),$);
#880=IFCSTYLEDITEM(#878,(#229),$);
#881=IFCSHAPEREPRESENTATION(#22,'Body','Brep',(#850,#878));
#882=IFCPRODUCTDEFINITIONSHAPE($,$,(#881));
#883=IFCWINDOW('2nhfOkabb0COA4tkGQoN6d',#5,'Sub-Surface6','',$,#40,#882,$,2000.,3000.,.WINDOW.,.SINGLE_PANEL.,$);
#884=IFCRECTANGLEPROFILEDEF(.AREA.,'rectangular',#753,2.,0.2);
#885=IFCCARTESIANPOINT((39.9,9.,0.));
#886=IFCAXIS2PLACEMENT3D(#885,#7,#6);
#887=IFCEXTRUDEDAREASOLID(#884,#886,#7,3.5);
#888=IFCSTYLEDITEM(#887,(#102),$);
#889=IFCSHAPEREPRESENTATION(#22,'Body','SweptSolid',(#887));
#890=IFCCARTESIANPOINT((40.,10.,0.));
#891=IFCPOLYLINE((#760,#890));
#892=IFCCOMPOSITECURVESEGMENT(.CONTINUOUS.,.T.,#891);
#893=IFCCOMPOSITECURVE((#892),.F.);
#894=IFCSHAPEREPRESENTATION(#52,'Axis','Curve2D',(#893));
#895=IFCPRODUCTDEFINITIONSHAPE($,$,(#889,#894));
#896=IFCWALL('3Kcp7gM11B7x0kxaZNkajf',#5,'Surface55','',$,#40,#895,$,.MOVABLE.);
#897=IFCCARTESIANPOINT((43.4,8.09396044921875,0.));
#898=IFCCARTESIANPOINT((36.6,8.09396044921875,0.));
#899=IFCCARTESIANPOINT((36.6,9.89396044921875,0.));
#900=IFCCARTESIANPOINT((43.4,9.89396044921875,0.));
#901=IFCPOLYLOOP((#897,#898,#899,#900));
#902=IFCFACEOUTERBOUND(#901,.T.);
#903=IFCFACE((#902));
#904=IFCCARTESIANPOINT((36.6,9.89396044921875,3.4));
#905=IFCCARTESIANPOINT((43.4,9.89396044921875,3.4));
#906=IFCPOLYLOOP((#900,#899,#904,#905));
#907=IFCFACEOUTERBOUND(#906,.T.);
#908=IFCFACE((#907));
#909=IFCCARTESIANPOINT((36.6,8.09396044921875,3.4));
#910=IFCCARTESIANPOINT((43.4,8.09396044921875,3.4));
#911=IFCPOLYLOOP((#905,#904,#909,#910));
#912=IFCFACEOUTERBOUND(#911,.T.);
#913=IFCFACE((#912));
#914=IFCPOLYLOOP((#910,#909,#898,#897));
#915=IFCFACEOUTERBOUND(#914,.T.);
#916=IFCFACE((#915));
#917=IFCPOLYLOOP((#899,#898,#909,#904));
#918=IFCFACEOUTERBOUND(#917,.T.);
#919=IFCFACE((#918));
#920=IFCPOLYLOOP((#897,#900,#905,#910));
#921=IFCFACEOUTERBOUND(#920,.T.);
#922=IFCFACE((#921));
#923=IFCCLOSEDSHELL((#903,#908,#913,#916,#919,#922));
#924=IFCFACETEDBREP(#923);
#925=IFCSHAPEREPRESENTATION(#22,'Body','Brep',(#924));
#926=IFCPRODUCTDEFINITIONSHAPE($,$,(#925));
#927=IFCOPENINGELEMENT('0fTUBJw158SRQRZpt5T1_T',#5,'Sub-Surface11',$,$,#40,#926,$,$);
#928=IFCRELVOIDSELEMENT('2OiwFwOSP2xhXUmXt989zk',#5,'Subtraction','',#896,#927);
#929=IFCCARTESIANPOINT((40.,8.09396044921875,0.));
#930=IFCCARTESIANPOINT((39.9,8.09396044921875,0.));
#931=IFCCARTESIANPOINT((39.9,9.89396044921875,0.));
#932=IFCCARTESIANPOINT((40.,9.89396044921875,0.));
#933=IFCPOLYLOOP((#929,#930,#931,#932));
#934=IFCFACEOUTERBOUND(#933,.T.);
#935=IFCFACE((#934));
#936=IFCCARTESIANPOINT((40.,8.09396044921875,3.4));
#937=IFCCARTESIANPOINT((39.9,8.09396044921875,3.4));
#938=IFCPOLYLOOP((#936,#937,#930,#929));
#939=IFCFACEOUTERBOUND(#938,.T.);
#940=IFCFACE((#939));
#941=IFCCARTESIANPOINT((39.9,9.89396044921875,3.4));
#942=IFCCARTESIANPOINT((40.,9.89396044921875,3.4));
#943=IFCPOLYLOOP((#932,#931,#941,#942));
#944=IFCFACEOUTERBOUND(#943,.T.);
#945=IFCFACE((#944));
#946=IFCPOLYLOOP((#929,#932,#942,#936));
#947=IFCFACEOUTERBOUND(#946,.T.);
#948=IFCCARTESIANPOINT((40.,9.84396044921875,0.05));
#949=IFCCARTESIANPOINT((40.,8.14396044921875,0.05));
#950=IFCCARTESIANPOINT((40.,8.14396044921875,3.35));
#951=IFCCARTESIANPOINT((40.,9.84396044921875,3.35));
#952=IFCPOLYLOOP((#948,#949,#950,#951));
#953=IFCFACEBOUND(#952,.T.);
#954=IFCFACE((#947,#953));
#955=IFCPOLYLOOP((#931,#930,#937,#941));
#956=IFCFACEOUTERBOUND(#955,.T.);
#957=IFCCARTESIANPOINT((39.9,8.14396044921875,0.05));
#958=IFCCARTESIANPOINT((39.9,9.84396044921875,0.05));
#959=IFCCARTESIANPOINT((39.9,9.84396044921875,3.35));
#960=IFCCARTESIANPOINT((39.9,8.14396044921875,3.35));
#961=IFCPOLYLOOP((#957,#958,#959,#960));
#962=IFCFACEBOUND(#961,.T.);
#963=IFCFACE((#956,#962));
#964=IFCPOLYLOOP((#942,#941,#937,#936));
#965=IFCFACEOUTERBOUND(#964,.T.);
#966=IFCFACE((#965));
#967=IFCPOLYLOOP((#957,#949,#948,#958));
#968=IFCFACEOUTERBOUND(#967,.T.);
#969=IFCFACE((#968));
#970=IFCPOLYLOOP((#958,#948,#951,#959));
#971=IFCFACEOUTERBOUND(#970,.T.);
#972=IFCFACE((#971));
#973=IFCPOLYLOOP((#959,#951,#950,#960));
#974=IFCFACEOUTERBOUND(#973,.T.);
#975=IFCFACE((#974));
#976=IFCPOLYLOOP((#960,#950,#949,#957));
#977=IFCFACEOUTERBOUND(#976,.T.);
#978=IFCFACE((#977));
#979=IFCCLOSEDSHELL((#935,#940,#945,#954,#963,#966,#969,#972,#975,#978));
#980=IFCFACETEDBREP(#979);
#981=IFCCARTESIANPOINT((39.95,8.14396044921875,0.05));
#982=IFCCARTESIANPOINT((39.94,8.14396044921875,0.05));
#983=IFCCARTESIANPOINT((39.94,9.84396044921875,0.05));
#984=IFCCARTESIANPOINT((39.95,9.84396044921875,0.05));
#985=IFCPOLYLOOP((#981,#982,#983,#984));
#986=IFCFACEOUTERBOUND(#985,.T.);
#987=IFCFACE((#986));
#988=IFCCARTESIANPOINT((39.94,9.84396044921875,3.35));
#989=IFCCARTESIANPOINT((39.95,9.84396044921875,3.35));
#990=IFCPOLYLOOP((#984,#983,#988,#989));
#991=IFCFACEOUTERBOUND(#990,.T.);
#992=IFCFACE((#991));
#993=IFCCARTESIANPOINT((39.94,8.14396044921875,3.35));
#994=IFCCARTESIANPOINT((39.95,8.14396044921875,3.35));
#995=IFCPOLYLOOP((#989,#988,#993,#994));
#996=IFCFACEOUTERBOUND(#995,.T.);
#997=IFCFACE((#996));
#998=IFCPOLYLOOP((#994,#993,#982,#981));
#999=IFCFACEOUTERBOUND(#998,.T.);
#1000=IFCFACE((#999));
#1001=IFCPOLYLOOP((#981,#984,#989,#994));
#1002=IFCFACEOUTERBOUND(#1001,.T.);
#1003=IFCFACE((#1002));
#1004=IFCPOLYLOOP((#983,#982,#993,#988));
#1005=IFCFACEOUTERBOUND(#1004,.T.);
#1006=IFCFACE((#1005));
#1007=IFCCLOSEDSHELL((#987,#992,#997,#1000,#1003,#1006));
#1008=IFCFACETEDBREP(#1007);
#1009=IFCSTYLEDITEM(#980,(#87),$);
#1010=IFCSTYLEDITEM(#1008,(#229),$);
#1011=IFCSHAPEREPRESENTATION(#22,'Body','Brep',(#980,#1008));
#1012=IFCPRODUCTDEFINITIONSHAPE($,$,(#1011));
#1013=IFCWINDOW('2EDvhcLrzDBgKu6u4mRjNI',#5,'Sub-Surface11','',$,#40,#1012,$,3400.,1800.,.WINDOW.,.SINGLE_PANEL.,$);
#1014=IFCCARTESIANPOINT((39.9,16.,0.));
#1015=IFCAXIS2PLACEMENT3D(#1014,#7,#6);
#1016=IFCEXTRUDEDAREASOLID(#754,#1015,#7,3.5);
#1017=IFCSTYLEDITEM(#1016,(#102),$);
#1018=IFCSHAPEREPRESENTATION(#22,'Body','SweptSolid',(#1016));
#1019=IFCCARTESIANPOINT((40.,12.,0.));
#1020=IFCPOLYLINE((#1019,#45));
#1021=IFCCOMPOSITECURVESEGMENT(.CONTINUOUS.,.T.,#1020);
#1022=IFCCOMPOSITECURVE((#1021),.F.);
#1023=IFCSHAPEREPRESENTATION(#52,'Axis','Curve2D',(#1022));
#1024=IFCPRODUCTDEFINITIONSHAPE($,$,(#1018,#1023));
#1025=IFCWALL('1oJW_ZRl15kPrSd5vUz2Tr',#5,'Surface49','',$,#40,#1024,$,.MOVABLE.);
#1026=IFCCARTESIANPOINT((43.,14.4977724609375,0.685001953125));
#1027=IFCCARTESIANPOINT((37.,14.4977724609375,0.685001953125));
#1028=IFCCARTESIANPOINT((37.,17.4977724609375,0.685001953125));
#1029=IFCCARTESIANPOINT((43.,17.4977724609375,0.685001953125));
#1030=IFCPOLYLOOP((#1026,#1027,#1028,#1029));
#1031=IFCFACEOUTERBOUND(#1030,.T.);
#1032=IFCFACE((#1031));
#1033=IFCCARTESIANPOINT((37.,17.4977724609375,2.685001953125));
#1034=IFCCARTESIANPOINT((43.,17.4977724609375,2.685001953125));
#1035=IFCPOLYLOOP((#1029,#1028,#1033,#1034));
#1036=IFCFACEOUTERBOUND(#1035,.T.);
#1037=IFCFACE((#1036));
#1038=IFCCARTESIANPOINT((37.,14.4977724609375,2.685001953125));
#1039=IFCCARTESIANPOINT((43.,14.4977724609375,2.685001953125));
#1040=IFCPOLYLOOP((#1034,#1033,#1038,#1039));
#1041=IFCFACEOUTERBOUND(#1040,.T.);
#1042=IFCFACE((#1041));
#1043=IFCPOLYLOOP((#1039,#1038,#1027,#1026));
#1044=IFCFACEOUTERBOUND(#1043,.T.);
#1045=IFCFACE((#1044));
#1046=IFCPOLYLOOP((#1028,#1027,#1038,#1033));
#1047=IFCFACEOUTERBOUND(#1046,.T.);
#1048=IFCFACE((#1047));
#1049=IFCPOLYLOOP((#1026,#1029,#1034,#1039));
#1050=IFCFACEOUTERBOUND(#1049,.T.);
#1051=IFCFACE((#1050));
#1052=IFCCLOSEDSHELL((#1032,#1037,#1042,#1045,#1048,#1051));
#1053=IFCFACETEDBREP(#1052);
#1054=IFCSHAPEREPRESENTATION(#22,'Body','Brep',(#1053));
#1055=IFCPRODUCTDEFINITIONSHAPE($,$,(#1054));
#1056=IFCOPENINGELEMENT('2mxAI1$t53Zv7oIuXoaHL1',#5,'Sub-Surface5',$,$,#40,#1055,$,$);
#1057=IFCRELVOIDSELEMENT('1_hAblQUrBMBVCrwbeZycC',#5,'Subtraction','',#1025,#1056);
#1058=IFCCARTESIANPOINT((40.,14.4977724609375,0.685001953125));
#1059=IFCCARTESIANPOINT((39.9,14.4977724609375,0.685001953125));
#1060=IFCCARTESIANPOINT((39.9,17.4977724609375,0.685001953125));
#1061=IFCCARTESIANPOINT((40.,17.4977724609375,0.685001953125));
#1062=IFCPOLYLOOP((#1058,#1059,#1060,#1061));
#1063=IFCFACEOUTERBOUND(#1062,.T.);
#1064=IFCFACE((#1063));
#1065=IFCCARTESIANPOINT((40.,14.4977724609375,2.685001953125));
#1066=IFCCARTESIANPOINT((39.9,14.4977724609375,2.685001953125));
#1067=IFCPOLYLOOP((#1065,#1066,#1059,#1058));
#1068=IFCFACEOUTERBOUND(#1067,.T.);
#1069=IFCFACE((#1068));
#1070=IFCCARTESIANPOINT((39.9,17.4977724609375,2.685001953125));
#1071=IFCCARTESIANPOINT((40.,17.4977724609375,2.685001953125));
#1072=IFCPOLYLOOP((#1061,#1060,#1070,#1071));
#1073=IFCFACEOUTERBOUND(#1072,.T.);
#1074=IFCFACE((#1073));
#1075=IFCPOLYLOOP((#1058,#1061,#1071,#1065));
#1076=IFCFACEOUTERBOUND(#1075,.T.);
#1077=IFCCARTESIANPOINT((40.,17.4477724609375,0.735001953125));
#1078=IFCCARTESIANPOINT((40.,14.5477724609375,0.735001953125));
#1079=IFCCARTESIANPOINT((40.,14.5477724609375,2.635001953125));
#1080=IFCCARTESIANPOINT((40.,17.4477724609375,2.635001953125));
#1081=IFCPOLYLOOP((#1077,#1078,#1079,#1080));
#1082=IFCFACEBOUND(#1081,.T.);
#1083=IFCFACE((#1076,#1082));
#1084=IFCPOLYLOOP((#1060,#1059,#1066,#1070));
#1085=IFCFACEOUTERBOUND(#1084,.T.);
#1086=IFCCARTESIANPOINT((39.9,14.5477724609375,0.735001953125));
#1087=IFCCARTESIANPOINT((39.9,17.4477724609375,0.735001953125));
#1088=IFCCARTESIANPOINT((39.9,17.4477724609375,2.635001953125));
#1089=IFCCARTESIANPOINT((39.9,14.5477724609375,2.635001953125));
#1090=IFCPOLYLOOP((#1086,#1087,#1088,#1089));
#1091=IFCFACEBOUND(#1090,.T.);
#1092=IFCFACE((#1085,#1091));
#1093=IFCPOLYLOOP((#1071,#1070,#1066,#1065));
#1094=IFCFACEOUTERBOUND(#1093,.T.);
#1095=IFCFACE((#1094));
#1096=IFCPOLYLOOP((#1086,#1078,#1077,#1087));
#1097=IFCFACEOUTERBOUND(#1096,.T.);
#1098=IFCFACE((#1097));
#1099=IFCPOLYLOOP((#1087,#1077,#1080,#1088));
#1100=IFCFACEOUTERBOUND(#1099,.T.);
#1101=IFCFACE((#1100));
#1102=IFCPOLYLOOP((#1088,#1080,#1079,#1089));
#1103=IFCFACEOUTERBOUND(#1102,.T.);
#1104=IFCFACE((#1103));
#1105=IFCPOLYLOOP((#1089,#1079,#1078,#1086));
#1106=IFCFACEOUTERBOUND(#1105,.T.);
#1107=IFCFACE((#1106));
#1108=IFCCLOSEDSHELL((#1064,#1069,#1074,#1083,#1092,#1095,#1098,#1101,#1104,#1107));
#1109=IFCFACETEDBREP(#1108);
#1110=IFCCARTESIANPOINT((39.95,14.5477724609375,0.735001953125));
#1111=IFCCARTESIANPOINT((39.94,14.5477724609375,0.735001953125));
#1112=IFCCARTESIANPOINT((39.94,17.4477724609375,0.735001953125));
#1113=IFCCARTESIANPOINT((39.95,17.4477724609375,0.735001953125));
#1114=IFCPOLYLOOP((#1110,#1111,#1112,#1113));
#1115=IFCFACEOUTERBOUND(#1114,.T.);
#1116=IFCFACE((#1115));
#1117=IFCCARTESIANPOINT((39.94,17.4477724609375,2.635001953125));
#1118=IFCCARTESIANPOINT((39.95,17.4477724609375,2.635001953125));
#1119=IFCPOLYLOOP((#1113,#1112,#1117,#1118));
#1120=IFCFACEOUTERBOUND(#1119,.T.);
#1121=IFCFACE((#1120));
#1122=IFCCARTESIANPOINT((39.94,14.5477724609375,2.635001953125));
#1123=IFCCARTESIANPOINT((39.95,14.5477724609375,2.635001953125));
#1124=IFCPOLYLOOP((#1118,#1117,#1122,#1123));
#1125=IFCFACEOUTERBOUND(#1124,.T.);
#1126=IFCFACE((#1125));
#1127=IFCPOLYLOOP((#1123,#1122,#1111,#1110));
#1128=IFCFACEOUTERBOUND(#1127,.T.);
#1129=IFCFACE((#1128));
#1130=IFCPOLYLOOP((#1110,#1113,#1118,#1123));
#1131=IFCFACEOUTERBOUND(#1130,.T.);
#1132=IFCFACE((#1131));
#1133=IFCPOLYLOOP((#1112,#1111,#1122,#1117));
#1134=IFCFACEOUTERBOUND(#1133,.T.);
#1135=IFCFACE((#1134));
#1136=IFCCLOSEDSHELL((#1116,#1121,#1126,#1129,#1132,#1135));
#1137=IFCFACETEDBREP(#1136);
#1138=IFCSTYLEDITEM(#1109,(#87),$);
#1139=IFCSTYLEDITEM(#1137,(#229),$);
#1140=IFCSHAPEREPRESENTATION(#22,'Body','Brep',(#1109,#1137));
#1141=IFCPRODUCTDEFINITIONSHAPE($,$,(#1140));
#1142=IFCWINDOW('2Gwxnjoqn3SODhqSon99qj',#5,'Sub-Surface5','',$,#40,#1141,$,2000.,3000.,.WINDOW.,.SINGLE_PANEL.,$);
#1143=IFCCARTESIANPOINT((39.9,11.,0.));
#1144=IFCAXIS2PLACEMENT3D(#1143,#7,#6);
#1145=IFCEXTRUDEDAREASOLID(#884,#1144,#7,3.5);
#1146=IFCSTYLEDITEM(#1145,(#102),$);
#1147=IFCSHAPEREPRESENTATION(#22,'Body','SweptSolid',(#1145));
#1148=IFCPOLYLINE((#890,#1019));
#1149=IFCCOMPOSITECURVESEGMENT(.CONTINUOUS.,.T.,#1148);
#1150=IFCCOMPOSITECURVE((#1149),.F.);
#1151=IFCSHAPEREPRESENTATION(#52,'Axis','Curve2D',(#1150));
#1152=IFCPRODUCTDEFINITIONSHAPE($,$,(#1147,#1151));
#1153=IFCWALL('3_Aben8tT3$PODZ5jEDix7',#5,'Surface33','',$,#40,#1152,$,.MOVABLE.);
#1154=IFCCARTESIANPOINT((43.4,10.119181640625,0.));
#1155=IFCCARTESIANPOINT((36.6,10.119181640625,0.));
#1156=IFCCARTESIANPOINT((36.6,11.919181640625,0.));
#1157=IFCCARTESIANPOINT((43.4,11.919181640625,0.));
#1158=IFCPOLYLOOP((#1154,#1155,#1156,#1157));
#1159=IFCFACEOUTERBOUND(#1158,.T.);
#1160=IFCFACE((#1159));
#1161=IFCCARTESIANPOINT((36.6,11.919181640625,3.4));
#1162=IFCCARTESIANPOINT((43.4,11.919181640625,3.4));
#1163=IFCPOLYLOOP((#1157,#1156,#1161,#1162));
#1164=IFCFACEOUTERBOUND(#1163,.T.);
#1165=IFCFACE((#1164));
#1166=IFCCARTESIANPOINT((36.6,10.119181640625,3.4));
#1167=IFCCARTESIANPOINT((43.4,10.119181640625,3.4));
#1168=IFCPOLYLOOP((#1162,#1161,#1166,#1167));
#1169=IFCFACEOUTERBOUND(#1168,.T.);
#1170=IFCFACE((#1169));
#1171=IFCPOLYLOOP((#1167,#1166,#1155,#1154));
#1172=IFCFACEOUTERBOUND(#1171,.T.);
#1173=IFCFACE((#1172));
#1174=IFCPOLYLOOP((#1156,#1155,#1166,#1161));
#1175=IFCFACEOUTERBOUND(#1174,.T.);
#1176=IFCFACE((#1175));
#1177=IFCPOLYLOOP((#1154,#1157,#1162,#1167));
#1178=IFCFACEOUTERBOUND(#1177,.T.);
#1179=IFCFACE((#1178));
#1180=IFCCLOSEDSHELL((#1160,#1165,#1170,#1173,#1176,#1179));
#1181=IFCFACETEDBREP(#1180);
#1182=IFCSHAPEREPRESENTATION(#22,'Body','Brep',(#1181));
#1183=IFCPRODUCTDEFINITIONSHAPE($,$,(#1182));
#1184=IFCOPENINGELEMENT('1kqvEnsBjBbetQpFW0zDhu',#5,'Sub-Surface12',$,$,#40,#1183,$,$);
#1185=IFCRELVOIDSELEMENT('01V6lNtyj90AFJ4k6k7X3p',#5,'Subtraction','',#1153,#1184);
#1186=IFCCARTESIANPOINT((40.,10.119181640625,0.));
#1187=IFCCARTESIANPOINT((39.9,10.119181640625,0.));
#1188=IFCCARTESIANPOINT((39.9,11.919181640625,0.));
#1189=IFCCARTESIANPOINT((40.,11.919181640625,0.));
#1190=IFCPOLYLOOP((#1186,#1187,#1188,#1189));
#1191=IFCFACEOUTERBOUND(#1190,.T.);
#1192=IFCFACE((#1191));
#1193=IFCCARTESIANPOINT((40.,10.119181640625,3.4));
#1194=IFCCARTESIANPOINT((39.9,10.119181640625,3.4));
#1195=IFCPOLYLOOP((#1193,#1194,#1187,#1186));
#1196=IFCFACEOUTERBOUND(#1195,.T.);
#1197=IFCFACE((#1196));
#1198=IFCCARTESIANPOINT((39.9,11.919181640625,3.4));
#1199=IFCCARTESIANPOINT((40.,11.919181640625,3.4));
#1200=IFCPOLYLOOP((#1189,#1188,#1198,#1199));
#1201=IFCFACEOUTERBOUND(#1200,.T.);
#1202=IFCFACE((#1201));
#1203=IFCPOLYLOOP((#1186,#1189,#1199,#1193));
#1204=IFCFACEOUTERBOUND(#1203,.T.);
#1205=IFCCARTESIANPOINT((40.,11.869181640625,0.05));
#1206=IFCCARTESIANPOINT((40.,10.169181640625,0.05));
#1207=IFCCARTESIANPOINT((40.,10.169181640625,3.35));
#1208=IFCCARTESIANPOINT((40.,11.869181640625,3.35));
#1209=IFCPOLYLOOP((#1205,#1206,#1207,#1208));
#1210=IFCFACEBOUND(#1209,.T.);
#1211=IFCFACE((#1204,#1210));
#1212=IFCPOLYLOOP((#1188,#1187,#1194,#1198));
#1213=IFCFACEOUTERBOUND(#1212,.T.);
#1214=IFCCARTESIANPOINT((39.9,10.169181640625,0.05));
#1215=IFCCARTESIANPOINT((39.9,11.869181640625,0.05));
#1216=IFCCARTESIANPOINT((39.9,11.869181640625,3.35));
#1217=IFCCARTESIANPOINT((39.9,10.169181640625,3.35));
#1218=IFCPOLYLOOP((#1214,#1215,#1216,#1217));
#1219=IFCFACEBOUND(#1218,.T.);
#1220=IFCFACE((#1213,#1219));
#1221=IFCPOLYLOOP((#1199,#1198,#1194,#1193));
#1222=IFCFACEOUTERBOUND(#1221,.T.);
#1223=IFCFACE((#1222));
#1224=IFCPOLYLOOP((#1214,#1206,#1205,#1215));
#1225=IFCFACEOUTERBOUND(#1224,.T.);
#1226=IFCFACE((#1225));
#1227=IFCPOLYLOOP((#1215,#1205,#1208,#1216));
#1228=IFCFACEOUTERBOUND(#1227,.T.);
#1229=IFCFACE((#1228));
#1230=IFCPOLYLOOP((#1216,#1208,#1207,#1217));
#1231=IFCFACEOUTERBOUND(#1230,.T.);
#1232=IFCFACE((#1231));
#1233=IFCPOLYLOOP((#1217,#1207,#1206,#1214));
#1234=IFCFACEOUTERBOUND(#1233,.T.);
#1235=IFCFACE((#1234));
#1236=IFCCLOSEDSHELL((#1192,#1197,#1202,#1211,#1220,#1223,#1226,#1229,#1232,#1235));
#1237=IFCFACETEDBREP(#1236);
#1238=IFCCARTESIANPOINT((39.95,10.169181640625,0.05));
#1239=IFCCARTESIANPOINT((39.94,10.169181640625,0.05));
#1240=IFCCARTESIANPOINT((39.94,11.869181640625,0.05));
#1241=IFCCARTESIANPOINT((39.95,11.869181640625,0.05));
#1242=IFCPOLYLOOP((#1238,#1239,#1240,#1241));
#1243=IFCFACEOUTERBOUND(#1242,.T.);
#1244=IFCFACE((#1243));
#1245=IFCCARTESIANPOINT((39.94,11.869181640625,3.35));
#1246=IFCCARTESIANPOINT((39.95,11.869181640625,3.35));
#1247=IFCPOLYLOOP((#1241,#1240,#1245,#1246));
#1248=IFCFACEOUTERBOUND(#1247,.T.);
#1249=IFCFACE((#1248));
#1250=IFCCARTESIANPOINT((39.94,10.169181640625,3.35));
#1251=IFCCARTESIANPOINT((39.95,10.169181640625,3.35));
#1252=IFCPOLYLOOP((#1246,#1245,#1250,#1251));
#1253=IFCFACEOUTERBOUND(#1252,.T.);
#1254=IFCFACE((#1253));
#1255=IFCPOLYLOOP((#1251,#1250,#1239,#1238));
#1256=IFCFACEOUTERBOUND(#1255,.T.);
#1257=IFCFACE((#1256));
#1258=IFCPOLYLOOP((#1238,#1241,#1246,#1251));
#1259=IFCFACEOUTERBOUND(#1258,.T.);
#1260=IFCFACE((#1259));
#1261=IFCPOLYLOOP((#1240,#1239,#1250,#1245));
#1262=IFCFACEOUTERBOUND(#1261,.T.);
#1263=IFCFACE((#1262));
#1264=IFCCLOSEDSHELL((#1244,#1249,#1254,#1257,#1260,#1263));
#1265=IFCFACETEDBREP(#1264);
#1266=IFCSTYLEDITEM(#1237,(#87),$);
#1267=IFCSTYLEDITEM(#1265,(#229),$);
#1268=IFCSHAPEREPRESENTATION(#22,'Body','Brep',(#1237,#1265));
#1269=IFCPRODUCTDEFINITIONSHAPE($,$,(#1268));
#1270=IFCWINDOW('2a4GAOya16Zhj_Pts5QBdD',#5,'Sub-Surface12','',$,#40,#1269,$,3400.,1800.,.WINDOW.,.SINGLE_PANEL.,$);
#1271=IFCRECTANGLEPROFILEDEF(.AREA.,'rectangular',#29,12.,0.2);
#1272=IFCCARTESIANPOINT((34.,19.9,0.));
#1273=IFCAXIS2PLACEMENT3D(#1272,#7,#6);
#1274=IFCEXTRUDEDAREASOLID(#1271,#1273,#7,3.5);
#1275=IFCSTYLEDITEM(#1274,(#102),$);
#1276=IFCSHAPEREPRESENTATION(#22,'Body','SweptSolid',(#1274));
#1277=IFCCARTESIANPOINT((28.,20.,0.));
#1278=IFCPOLYLINE((#45,#1277));
#1279=IFCCOMPOSITECURVESEGMENT(.CONTINUOUS.,.T.,#1278);
#1280=IFCCOMPOSITECURVE((#1279),.F.);
#1281=IFCSHAPEREPRESENTATION(#52,'Axis','Curve2D',(#1280));
#1282=IFCPRODUCTDEFINITIONSHAPE($,$,(#1276,#1281));
#1283=IFCWALL('31DmvdsjPBrR9L2wXi5q8q',#5,'Surface52','',$,#40,#1282,$,.MOVABLE.);
#1284=IFCCARTESIANPOINT((39.8,31.6,0.164244277954099));
#1285=IFCCARTESIANPOINT((39.8,8.4,0.164244277954104));
#1286=IFCCARTESIANPOINT((28.2,8.4,0.164244277954104));
#1287=IFCCARTESIANPOINT((28.2,31.6,0.164244277954099));
#1288=IFCPOLYLOOP((#1284,#1285,#1286,#1287));
#1289=IFCFACEOUTERBOUND(#1288,.T.);
#1290=IFCFACE((#1289));
#1291=IFCCARTESIANPOINT((28.2,8.4,3.2642442779541));
#1292=IFCCARTESIANPOINT((28.2,31.6,3.2642442779541));
#1293=IFCPOLYLOOP((#1287,#1286,#1291,#1292));
#1294=IFCFACEOUTERBOUND(#1293,.T.);
#1295=IFCFACE((#1294));
#1296=IFCCARTESIANPOINT((39.8,8.4,3.2642442779541));
#1297=IFCCARTESIANPOINT((39.8,31.6,3.2642442779541));
#1298=IFCPOLYLOOP((#1292,#1291,#1296,#1297));
#1299=IFCFACEOUTERBOUND(#1298,.T.);
#1300=IFCFACE((#1299));
#1301=IFCPOLYLOOP((#1297,#1296,#1285,#1284));
#1302=IFCFACEOUTERBOUND(#1301,.T.);
#1303=IFCFACE((#1302));
#1304=IFCPOLYLOOP((#1286,#1285,#1296,#1291));
#1305=IFCFACEOUTERBOUND(#1304,.T.);
#1306=IFCFACE((#1305));
#1307=IFCPOLYLOOP((#1284,#1287,#1292,#1297));
#1308=IFCFACEOUTERBOUND(#1307,.T.);
#1309=IFCFACE((#1308));
#1310=IFCCLOSEDSHELL((#1290,#1295,#1300,#1303,#1306,#1309));
#1311=IFCFACETEDBREP(#1310);
#1312=IFCSHAPEREPRESENTATION(#22,'Body','Brep',(#1311));
#1313=IFCPRODUCTDEFINITIONSHAPE($,$,(#1312));
#1314=IFCOPENINGELEMENT('3w93NhWRb8U8_yu21KZ61s',#5,'Sub-Surface14',$,$,#40,#1313,$,$);
#1315=IFCRELVOIDSELEMENT('0co1E86pP9juMO6evb5K7R',#5,'Subtraction','',#1283,#1314);
#1316=IFCCARTESIANPOINT((39.8,20.,0.164244277954102));
#1317=IFCCARTESIANPOINT((39.8,19.9,0.164244277954102));
#1318=IFCCARTESIANPOINT((28.2,19.9,0.164244277954102));
#1319=IFCCARTESIANPOINT((28.2,20.,0.164244277954102));
#1320=IFCPOLYLOOP((#1316,#1317,#1318,#1319));
#1321=IFCFACEOUTERBOUND(#1320,.T.);
#1322=IFCFACE((#1321));
#1323=IFCCARTESIANPOINT((39.8,20.,3.2642442779541));
#1324=IFCCARTESIANPOINT((39.8,19.9,3.2642442779541));
#1325=IFCPOLYLOOP((#1323,#1324,#1317,#1316));
#1326=IFCFACEOUTERBOUND(#1325,.T.);
#1327=IFCFACE((#1326));
#1328=IFCCARTESIANPOINT((28.2,19.9,3.2642442779541));
#1329=IFCCARTESIANPOINT((28.2,20.,3.2642442779541));
#1330=IFCPOLYLOOP((#1319,#1318,#1328,#1329));
#1331=IFCFACEOUTERBOUND(#1330,.T.);
#1332=IFCFACE((#1331));
#1333=IFCPOLYLOOP((#1316,#1319,#1329,#1323));
#1334=IFCFACEOUTERBOUND(#1333,.T.);
#1335=IFCCARTESIANPOINT((28.25,20.,0.214244277954102));
#1336=IFCCARTESIANPOINT((39.75,20.,0.214244277954102));
#1337=IFCCARTESIANPOINT((39.75,20.,3.2142442779541));
#1338=IFCCARTESIANPOINT((28.25,20.,3.2142442779541));
#1339=IFCPOLYLOOP((#1335,#1336,#1337,#1338));
#1340=IFCFACEBOUND(#1339,.T.);
#1341=IFCFACE((#1334,#1340));
#1342=IFCPOLYLOOP((#1318,#1317,#1324,#1328));
#1343=IFCFACEOUTERBOUND(#1342,.T.);
#1344=IFCCARTESIANPOINT((39.75,19.9,0.214244277954102));
#1345=IFCCARTESIANPOINT((28.25,19.9,0.214244277954102));
#1346=IFCCARTESIANPOINT((28.25,19.9,3.2142442779541));
#1347=IFCCARTESIANPOINT((39.75,19.9,3.2142442779541));
#1348=IFCPOLYLOOP((#1344,#1345,#1346,#1347));
#1349=IFCFACEBOUND(#1348,.T.);
#1350=IFCFACE((#1343,#1349));
#1351=IFCPOLYLOOP((#1329,#1328,#1324,#1323));
#1352=IFCFACEOUTERBOUND(#1351,.T.);
#1353=IFCFACE((#1352));
#1354=IFCPOLYLOOP((#1344,#1336,#1335,#1345));
#1355=IFCFACEOUTERBOUND(#1354,.T.);
#1356=IFCFACE((#1355));
#1357=IFCPOLYLOOP((#1345,#1335,#1338,#1346));
#1358=IFCFACEOUTERBOUND(#1357,.T.);
#1359=IFCFACE((#1358));
#1360=IFCPOLYLOOP((#1346,#1338,#1337,#1347));
#1361=IFCFACEOUTERBOUND(#1360,.T.);
#1362=IFCFACE((#1361));
#1363=IFCPOLYLOOP((#1347,#1337,#1336,#1344));
#1364=IFCFACEOUTERBOUND(#1363,.T.);
#1365=IFCFACE((#1364));
#1366=IFCCLOSEDSHELL((#1322,#1327,#1332,#1341,#1350,#1353,#1356,#1359,#1362,#1365));
#1367=IFCFACETEDBREP(#1366);
#1368=IFCCARTESIANPOINT((39.75,19.95,0.214244277954102));
#1369=IFCCARTESIANPOINT((39.75,19.94,0.214244277954102));
#1370=IFCCARTESIANPOINT((28.25,19.94,0.214244277954102));
#1371=IFCCARTESIANPOINT((28.25,19.95,0.214244277954102));
#1372=IFCPOLYLOOP((#1368,#1369,#1370,#1371));
#1373=IFCFACEOUTERBOUND(#1372,.T.);
#1374=IFCFACE((#1373));
#1375=IFCCARTESIANPOINT((28.25,19.94,3.2142442779541));
#1376=IFCCARTESIANPOINT((28.25,19.95,3.2142442779541));
#1377=IFCPOLYLOOP((#1371,#1370,#1375,#1376));
#1378=IFCFACEOUTERBOUND(#1377,.T.);
#1379=IFCFACE((#1378));
#1380=IFCCARTESIANPOINT((39.75,19.94,3.2142442779541));
#1381=IFCCARTESIANPOINT((39.75,19.95,3.2142442779541));
#1382=IFCPOLYLOOP((#1376,#1375,#1380,#1381));
#1383=IFCFACEOUTERBOUND(#1382,.T.);
#1384=IFCFACE((#1383));
#1385=IFCPOLYLOOP((#1381,#1380,#1369,#1368));
#1386=IFCFACEOUTERBOUND(#1385,.T.);
#1387=IFCFACE((#1386));
#1388=IFCPOLYLOOP((#1368,#1371,#1376,#1381));
#1389=IFCFACEOUTERBOUND(#1388,.T.);
#1390=IFCFACE((#1389));
#1391=IFCPOLYLOOP((#1370,#1369,#1380,#1375));
#1392=IFCFACEOUTERBOUND(#1391,.T.);
#1393=IFCFACE((#1392));
#1394=IFCCLOSEDSHELL((#1374,#1379,#1384,#1387,#1390,#1393));
#1395=IFCFACETEDBREP(#1394);
#1396=IFCSTYLEDITEM(#1367,(#87),$);
#1397=IFCSTYLEDITEM(#1395,(#229),$);
#1398=IFCSHAPEREPRESENTATION(#22,'Body','Brep',(#1367,#1395));
#1399=IFCPRODUCTDEFINITIONSHAPE($,$,(#1398));
#1400=IFCWINDOW('2G1Vf4vNjAEe7X0FYkoY21',#5,'Sub-Surface14','',$,#40,#1399,$,3100.,11600.,.WINDOW.,.SINGLE_PANEL.,$);
#1401=IFCRECTANGLEPROFILEDEF(.AREA.,'rectangular',#29,16.,0.2);
#1402=IFCCARTESIANPOINT((20.,19.9,0.));
#1403=IFCAXIS2PLACEMENT3D(#1402,#7,#6);
#1404=IFCEXTRUDEDAREASOLID(#1401,#1403,#7,3.5);
#1405=IFCSTYLEDITEM(#1404,(#102),$);
#1406=IFCSHAPEREPRESENTATION(#22,'Body','SweptSolid',(#1404));
#1407=IFCCARTESIANPOINT((12.,20.,0.));
#1408=IFCPOLYLINE((#1277,#1407));
#1409=IFCCOMPOSITECURVESEGMENT(.CONTINUOUS.,.T.,#1408);
#1410=IFCCOMPOSITECURVE((#1409),.F.);
#1411=IFCSHAPEREPRESENTATION(#52,'Axis','Curve2D',(#1410));
#1412=IFCPRODUCTDEFINITIONSHAPE($,$,(#1406,#1411));
#1413=IFCWALL('06q6jjZhbB6hMWWOVRYIyc',#5,'Surface46','',$,#40,#1412,$,.MOVABLE.);
#1414=IFCCARTESIANPOINT((17.45520703125,23.,0.719183105468749));
#1415=IFCCARTESIANPOINT((17.45520703125,17.,0.719183105468751));
#1416=IFCCARTESIANPOINT((14.45520703125,17.,0.719183105468751));
#1417=IFCCARTESIANPOINT((14.45520703125,23.,0.719183105468749));
#1418=IFCPOLYLOOP((#1414,#1415,#1416,#1417));
#1419=IFCFACEOUTERBOUND(#1418,.T.);
#1420=IFCFACE((#1419));
#1421=IFCCARTESIANPOINT((14.45520703125,17.,2.71918310546875));
#1422=IFCCARTESIANPOINT((14.45520703125,23.,2.71918310546875));
#1423=IFCPOLYLOOP((#1417,#1416,#1421,#1422));
#1424=IFCFACEOUTERBOUND(#1423,.T.);
#1425=IFCFACE((#1424));
#1426=IFCCARTESIANPOINT((17.45520703125,17.,2.71918310546875));
#1427=IFCCARTESIANPOINT((17.45520703125,23.,2.71918310546875));
#1428=IFCPOLYLOOP((#1422,#1421,#1426,#1427));
#1429=IFCFACEOUTERBOUND(#1428,.T.);
#1430=IFCFACE((#1429));
#1431=IFCPOLYLOOP((#1427,#1426,#1415,#1414));
#1432=IFCFACEOUTERBOUND(#1431,.T.);
#1433=IFCFACE((#1432));
#1434=IFCPOLYLOOP((#1416,#1415,#1426,#1421));
#1435=IFCFACEOUTERBOUND(#1434,.T.);
#1436=IFCFACE((#1435));
#1437=IFCPOLYLOOP((#1414,#1417,#1422,#1427));
#1438=IFCFACEOUTERBOUND(#1437,.T.);
#1439=IFCFACE((#1438));
#1440=IFCCLOSEDSHELL((#1420,#1425,#1430,#1433,#1436,#1439));
#1441=IFCFACETEDBREP(#1440);
#1442=IFCSHAPEREPRESENTATION(#22,'Body','Brep',(#1441));
#1443=IFCPRODUCTDEFINITIONSHAPE($,$,(#1442));
#1444=IFCOPENINGELEMENT('1mftU0kbn7fANo2TwZwXQQ',#5,'Sub-Surface4',$,$,#40,#1443,$,$);
#1445=IFCRELVOIDSELEMENT('2M$IP2XjX7lvm$Hek$PFDY',#5,'Subtraction','',#1413,#1444);
#1446=IFCCARTESIANPOINT((25.466744140625,23.,0.705777954101562));
#1447=IFCCARTESIANPOINT((25.466744140625,17.,0.705777954101563));
#1448=IFCCARTESIANPOINT((22.466744140625,17.,0.705777954101563));
#1449=IFCCARTESIANPOINT((22.466744140625,23.,0.705777954101562));
#1450=IFCPOLYLOOP((#1446,#1447,#1448,#1449));
#1451=IFCFACEOUTERBOUND(#1450,.T.);
#1452=IFCFACE((#1451));
#1453=IFCCARTESIANPOINT((22.466744140625,17.,2.70577795410156));
#1454=IFCCARTESIANPOINT((22.466744140625,23.,2.70577795410156));
#1455=IFCPOLYLOOP((#1449,#1448,#1453,#1454));
#1456=IFCFACEOUTERBOUND(#1455,.T.);
#1457=IFCFACE((#1456));
#1458=IFCCARTESIANPOINT((25.466744140625,17.,2.70577795410156));
#1459=IFCCARTESIANPOINT((25.466744140625,23.,2.70577795410156));
#1460=IFCPOLYLOOP((#1454,#1453,#1458,#1459));
#1461=IFCFACEOUTERBOUND(#1460,.T.);
#1462=IFCFACE((#1461));
#1463=IFCPOLYLOOP((#1459,#1458,#1447,#1446));
#1464=IFCFACEOUTERBOUND(#1463,.T.);
#1465=IFCFACE((#1464));
#1466=IFCPOLYLOOP((#1448,#1447,#1458,#1453));
#1467=IFCFACEOUTERBOUND(#1466,.T.);
#1468=IFCFACE((#1467));
#1469=IFCPOLYLOOP((#1446,#1449,#1454,#1459));
#1470=IFCFACEOUTERBOUND(#1469,.T.);
#1471=IFCFACE((#1470));
#1472=IFCCLOSEDSHELL((#1452,#1457,#1462,#1465,#1468,#1471));
#1473=IFCFACETEDBREP(#1472);
#1474=IFCSHAPEREPRESENTATION(#22,'Body','Brep',(#1473));
#1475=IFCPRODUCTDEFINITIONSHAPE($,$,(#1474));
#1476=IFCOPENINGELEMENT('05y41MKTrE$veX_B$mSyg6',#5,'Sub-Surface16',$,$,#40,#1475,$,$);
#1477=IFCRELVOIDSELEMENT('0JhAnbR1f81gsZwv$vuJOW',#5,'Subtraction','',#1413,#1476);
#1478=IFCCARTESIANPOINT((17.45520703125,20.,0.71918310546875));
#1479=IFCCARTESIANPOINT((17.45520703125,19.9,0.71918310546875));
#1480=IFCCARTESIANPOINT((14.45520703125,19.9,0.71918310546875));
#1481=IFCCARTESIANPOINT((14.45520703125,20.,0.71918310546875));
#1482=IFCPOLYLOOP((#1478,#1479,#1480,#1481));
#1483=IFCFACEOUTERBOUND(#1482,.T.);
#1484=IFCFACE((#1483));
#1485=IFCCARTESIANPOINT((17.45520703125,20.,2.71918310546875));
#1486=IFCCARTESIANPOINT((17.45520703125,19.9,2.71918310546875));
#1487=IFCPOLYLOOP((#1485,#1486,#1479,#1478));
#1488=IFCFACEOUTERBOUND(#1487,.T.);
#1489=IFCFACE((#1488));
#1490=IFCCARTESIANPOINT((14.45520703125,19.9,2.71918310546875));
#1491=IFCCARTESIANPOINT((14.45520703125,20.,2.71918310546875));
#1492=IFCPOLYLOOP((#1481,#1480,#1490,#1491));
#1493=IFCFACEOUTERBOUND(#1492,.T.);
#1494=IFCFACE((#1493));
#1495=IFCPOLYLOOP((#1478,#1481,#1491,#1485));
#1496=IFCFACEOUTERBOUND(#1495,.T.);
#1497=IFCCARTESIANPOINT((14.50520703125,20.,0.76918310546875));
#1498=IFCCARTESIANPOINT((17.40520703125,20.,0.76918310546875));
#1499=IFCCARTESIANPOINT((17.40520703125,20.,2.66918310546875));
#1500=IFCCARTESIANPOINT((14.50520703125,20.,2.66918310546875));
#1501=IFCPOLYLOOP((#1497,#1498,#1499,#1500));
#1502=IFCFACEBOUND(#1501,.T.);
#1503=IFCFACE((#1496,#1502));
#1504=IFCPOLYLOOP((#1480,#1479,#1486,#1490));
#1505=IFCFACEOUTERBOUND(#1504,.T.);
#1506=IFCCARTESIANPOINT((17.40520703125,19.9,0.76918310546875));
#1507=IFCCARTESIANPOINT((14.50520703125,19.9,0.76918310546875));
#1508=IFCCARTESIANPOINT((14.50520703125,19.9,2.66918310546875));
#1509=IFCCARTESIANPOINT((17.40520703125,19.9,2.66918310546875));
#1510=IFCPOLYLOOP((#1506,#1507,#1508,#1509));
#1511=IFCFACEBOUND(#1510,.T.);
#1512=IFCFACE((#1505,#1511));
#1513=IFCPOLYLOOP((#1491,#1490,#1486,#1485));
#1514=IFCFACEOUTERBOUND(#1513,.T.);
#1515=IFCFACE((#1514));
#1516=IFCPOLYLOOP((#1506,#1498,#1497,#1507));
#1517=IFCFACEOUTERBOUND(#1516,.T.);
#1518=IFCFACE((#1517));
#1519=IFCPOLYLOOP((#1507,#1497,#1500,#1508));
#1520=IFCFACEOUTERBOUND(#1519,.T.);
#1521=IFCFACE((#1520));
#1522=IFCPOLYLOOP((#1508,#1500,#1499,#1509));
#1523=IFCFACEOUTERBOUND(#1522,.T.);
#1524=IFCFACE((#1523));
#1525=IFCPOLYLOOP((#1509,#1499,#1498,#1506));
#1526=IFCFACEOUTERBOUND(#1525,.T.);
#1527=IFCFACE((#1526));
#1528=IFCCLOSEDSHELL((#1484,#1489,#1494,#1503,#1512,#1515,#1518,#1521,#1524,#1527));
#1529=IFCFACETEDBREP(#1528);
#1530=IFCCARTESIANPOINT((17.40520703125,19.95,0.76918310546875));
#1531=IFCCARTESIANPOINT((17.40520703125,19.94,0.76918310546875));
#1532=IFCCARTESIANPOINT((14.50520703125,19.94,0.76918310546875));
#1533=IFCCARTESIANPOINT((14.50520703125,19.95,0.76918310546875));
#1534=IFCPOLYLOOP((#1530,#1531,#1532,#1533));
#1535=IFCFACEOUTERBOUND(#1534,.T.);
#1536=IFCFACE((#1535));
#1537=IFCCARTESIANPOINT((14.50520703125,19.94,2.66918310546875));
#1538=IFCCARTESIANPOINT((14.50520703125,19.95,2.66918310546875));
#1539=IFCPOLYLOOP((#1533,#1532,#1537,#1538));
#1540=IFCFACEOUTERBOUND(#1539,.T.);
#1541=IFCFACE((#1540));
#1542=IFCCARTESIANPOINT((17.40520703125,19.94,2.66918310546875));
#1543=IFCCARTESIANPOINT((17.40520703125,19.95,2.66918310546875));
#1544=IFCPOLYLOOP((#1538,#1537,#1542,#1543));
#1545=IFCFACEOUTERBOUND(#1544,.T.);
#1546=IFCFACE((#1545));
#1547=IFCPOLYLOOP((#1543,#1542,#1531,#1530));
#1548=IFCFACEOUTERBOUND(#1547,.T.);
#1549=IFCFACE((#1548));
#1550=IFCPOLYLOOP((#1530,#1533,#1538,#1543));
#1551=IFCFACEOUTERBOUND(#1550,.T.);
#1552=IFCFACE((#1551));
#1553=IFCPOLYLOOP((#1532,#1531,#1542,#1537));
#1554=IFCFACEOUTERBOUND(#1553,.T.);
#1555=IFCFACE((#1554));
#1556=IFCCLOSEDSHELL((#1536,#1541,#1546,#1549,#1552,#1555));
#1557=IFCFACETEDBREP(#1556);
#1558=IFCSTYLEDITEM(#1529,(#87),$);
#1559=IFCSTYLEDITEM(#1557,(#229),$);
#1560=IFCSHAPEREPRESENTATION(#22,'Body','Brep',(#1529,#1557));
#1561=IFCPRODUCTDEFINITIONSHAPE($,$,(#1560));
#1562=IFCWINDOW('0OHZ12cJXD7BLCyqIqLLxr',#5,'Sub-Surface4','',$,#40,#1561,$,2000.,3000.,.WINDOW.,.SINGLE_PANEL.,$);
#1563=IFCCARTESIANPOINT((25.466744140625,20.,0.705777954101563));
#1564=IFCCARTESIANPOINT((25.466744140625,19.9,0.705777954101563));
#1565=IFCCARTESIANPOINT((22.466744140625,19.9,0.705777954101563));
#1566=IFCCARTESIANPOINT((22.466744140625,20.,0.705777954101563));
#1567=IFCPOLYLOOP((#1563,#1564,#1565,#1566));
#1568=IFCFACEOUTERBOUND(#1567,.T.);
#1569=IFCFACE((#1568));
#1570=IFCCARTESIANPOINT((25.466744140625,20.,2.70577795410156));
#1571=IFCCARTESIANPOINT((25.466744140625,19.9,2.70577795410156));
#1572=IFCPOLYLOOP((#1570,#1571,#1564,#1563));
#1573=IFCFACEOUTERBOUND(#1572,.T.);
#1574=IFCFACE((#1573));
#1575=IFCCARTESIANPOINT((22.466744140625,19.9,2.70577795410156));
#1576=IFCCARTESIANPOINT((22.466744140625,20.,2.70577795410156));
#1577=IFCPOLYLOOP((#1566,#1565,#1575,#1576));
#1578=IFCFACEOUTERBOUND(#1577,.T.);
#1579=IFCFACE((#1578));
#1580=IFCPOLYLOOP((#1563,#1566,#1576,#1570));
#1581=IFCFACEOUTERBOUND(#1580,.T.);
#1582=IFCCARTESIANPOINT((22.516744140625,20.,0.755777954101563));
#1583=IFCCARTESIANPOINT((25.416744140625,20.,0.755777954101563));
#1584=IFCCARTESIANPOINT((25.416744140625,20.,2.65577795410156));
#1585=IFCCARTESIANPOINT((22.516744140625,20.,2.65577795410156));
#1586=IFCPOLYLOOP((#1582,#1583,#1584,#1585));
#1587=IFCFACEBOUND(#1586,.T.);
#1588=IFCFACE((#1581,#1587));
#1589=IFCPOLYLOOP((#1565,#1564,#1571,#1575));
#1590=IFCFACEOUTERBOUND(#1589,.T.);
#1591=IFCCARTESIANPOINT((25.416744140625,19.9,0.755777954101563));
#1592=IFCCARTESIANPOINT((22.516744140625,19.9,0.755777954101563));
#1593=IFCCARTESIANPOINT((22.516744140625,19.9,2.65577795410156));
#1594=IFCCARTESIANPOINT((25.416744140625,19.9,2.65577795410156));
#1595=IFCPOLYLOOP((#1591,#1592,#1593,#1594));
#1596=IFCFACEBOUND(#1595,.T.);
#1597=IFCFACE((#1590,#1596));
#1598=IFCPOLYLOOP((#1576,#1575,#1571,#1570));
#1599=IFCFACEOUTERBOUND(#1598,.T.);
#1600=IFCFACE((#1599));
#1601=IFCPOLYLOOP((#1591,#1583,#1582,#1592));
#1602=IFCFACEOUTERBOUND(#1601,.T.);
#1603=IFCFACE((#1602));
#1604=IFCPOLYLOOP((#1592,#1582,#1585,#1593));
#1605=IFCFACEOUTERBOUND(#1604,.T.);
#1606=IFCFACE((#1605));
#1607=IFCPOLYLOOP((#1593,#1585,#1584,#1594));
#1608=IFCFACEOUTERBOUND(#1607,.T.);
#1609=IFCFACE((#1608));
#1610=IFCPOLYLOOP((#1594,#1584,#1583,#1591));
#1611=IFCFACEOUTERBOUND(#1610,.T.);
#1612=IFCFACE((#1611));
#1613=IFCCLOSEDSHELL((#1569,#1574,#1579,#1588,#1597,#1600,#1603,#1606,#1609,#1612));
#1614=IFCFACETEDBREP(#1613);
#1615=IFCCARTESIANPOINT((25.416744140625,19.95,0.755777954101563));
#1616=IFCCARTESIANPOINT((25.416744140625,19.94,0.755777954101563));
#1617=IFCCARTESIANPOINT((22.516744140625,19.94,0.755777954101563));
#1618=IFCCARTESIANPOINT((22.516744140625,19.95,0.755777954101563));
#1619=IFCPOLYLOOP((#1615,#1616,#1617,#1618));
#1620=IFCFACEOUTERBOUND(#1619,.T.);
#1621=IFCFACE((#1620));
#1622=IFCCARTESIANPOINT((22.516744140625,19.94,2.65577795410156));
#1623=IFCCARTESIANPOINT((22.516744140625,19.95,2.65577795410156));
#1624=IFCPOLYLOOP((#1618,#1617,#1622,#1623));
#1625=IFCFACEOUTERBOUND(#1624,.T.);
#1626=IFCFACE((#1625));
#1627=IFCCARTESIANPOINT((25.416744140625,19.94,2.65577795410156));
#1628=IFCCARTESIANPOINT((25.416744140625,19.95,2.65577795410156));
#1629=IFCPOLYLOOP((#1623,#1622,#1627,#1628));
#1630=IFCFACEOUTERBOUND(#1629,.T.);
#1631=IFCFACE((#1630));
#1632=IFCPOLYLOOP((#1628,#1627,#1616,#1615));
#1633=IFCFACEOUTERBOUND(#1632,.T.);
#1634=IFCFACE((#1633));
#1635=IFCPOLYLOOP((#1615,#1618,#1623,#1628));
#1636=IFCFACEOUTERBOUND(#1635,.T.);
#1637=IFCFACE((#1636));
#1638=IFCPOLYLOOP((#1617,#1616,#1627,#1622));
#1639=IFCFACEOUTERBOUND(#1638,.T.);
#1640=IFCFACE((#1639));
#1641=IFCCLOSEDSHELL((#1621,#1626,#1631,#1634,#1637,#1640));
#1642=IFCFACETEDBREP(#1641);
#1643=IFCSTYLEDITEM(#1614,(#87),$);
#1644=IFCSTYLEDITEM(#1642,(#229),$);
#1645=IFCSHAPEREPRESENTATION(#22,'Body','Brep',(#1614,#1642));
#1646=IFCPRODUCTDEFINITIONSHAPE($,$,(#1645));
#1647=IFCWINDOW('0nb8GvNw9CPPbCB76eEa8w',#5,'Sub-Surface16','',$,#40,#1646,$,2000.,3000.,.WINDOW.,.SINGLE_PANEL.,$);
#1648=IFCCARTESIANPOINT((6.,19.9,0.));
#1649=IFCAXIS2PLACEMENT3D(#1648,#7,#6);
#1650=IFCEXTRUDEDAREASOLID(#1271,#1649,#7,3.5);
#1651=IFCSTYLEDITEM(#1650,(#102),$);
#1652=IFCSHAPEREPRESENTATION(#22,'Body','SweptSolid',(#1650));
#1653=IFCPOLYLINE((#1407,#48));
#1654=IFCCOMPOSITECURVESEGMENT(.CONTINUOUS.,.T.,#1653);
#1655=IFCCOMPOSITECURVE((#1654),.F.);
#1656=IFCSHAPEREPRESENTATION(#52,'Axis','Curve2D',(#1655));
#1657=IFCPRODUCTDEFINITIONSHAPE($,$,(#1652,#1656));
#1658=IFCWALL('2NTczIwfD0_RdslgM5Iwqd',#5,'Surface37','',$,#40,#1657,$,.MOVABLE.);
#1659=IFCCARTESIANPOINT((0.1,16.,0.));
#1660=IFCAXIS2PLACEMENT3D(#1659,#7,#6);
#1661=IFCEXTRUDEDAREASOLID(#234,#1660,#7,3.5);
#1662=IFCSTYLEDITEM(#1661,(#102),$);
#1663=IFCSHAPEREPRESENTATION(#22,'Body','SweptSolid',(#1661));
#1664=IFCCARTESIANPOINT((0.,12.,0.));
#1665=IFCPOLYLINE((#48,#1664));
#1666=IFCCOMPOSITECURVESEGMENT(.CONTINUOUS.,.T.,#1665);
#1667=IFCCOMPOSITECURVE((#1666),.F.);
#1668=IFCSHAPEREPRESENTATION(#52,'Axis','Curve2D',(#1667));
#1669=IFCPRODUCTDEFINITIONSHAPE($,$,(#1663,#1668));
#1670=IFCWALL('3aYngOrUz76xb4_ys6zLWB',#5,'Surface40','',$,#40,#1669,$,.MOVABLE.);
#1671=IFCCARTESIANPOINT((-3.,17.4760390625,0.6552177734375));
#1672=IFCCARTESIANPOINT((3.,17.4760390625,0.6552177734375));
#1673=IFCCARTESIANPOINT((3.,14.4760390625,0.6552177734375));
#1674=IFCCARTESIANPOINT((-3.,14.4760390625,0.6552177734375));
#1675=IFCPOLYLOOP((#1671,#1672,#1673,#1674));
#1676=IFCFACEOUTERBOUND(#1675,.T.);
#1677=IFCFACE((#1676));
#1678=IFCCARTESIANPOINT((3.,14.4760390625,2.6552177734375));
#1679=IFCCARTESIANPOINT((-3.,14.4760390625,2.6552177734375));
#1680=IFCPOLYLOOP((#1674,#1673,#1678,#1679));
#1681=IFCFACEOUTERBOUND(#1680,.T.);
#1682=IFCFACE((#1681));
#1683=IFCCARTESIANPOINT((3.,17.4760390625,2.6552177734375));
#1684=IFCCARTESIANPOINT((-3.,17.4760390625,2.6552177734375));
#1685=IFCPOLYLOOP((#1679,#1678,#1683,#1684));
#1686=IFCFACEOUTERBOUND(#1685,.T.);
#1687=IFCFACE((#1686));
#1688=IFCPOLYLOOP((#1684,#1683,#1672,#1671));
#1689=IFCFACEOUTERBOUND(#1688,.T.);
#1690=IFCFACE((#1689));
#1691=IFCPOLYLOOP((#1673,#1672,#1683,#1678));
#1692=IFCFACEOUTERBOUND(#1691,.T.);
#1693=IFCFACE((#1692));
#1694=IFCPOLYLOOP((#1671,#1674,#1679,#1684));
#1695=IFCFACEOUTERBOUND(#1694,.T.);
#1696=IFCFACE((#1695));
#1697=IFCCLOSEDSHELL((#1677,#1682,#1687,#1690,#1693,#1696));
#1698=IFCFACETEDBREP(#1697);
#1699=IFCSHAPEREPRESENTATION(#22,'Body','Brep',(#1698));
#1700=IFCPRODUCTDEFINITIONSHAPE($,$,(#1699));
#1701=IFCOPENINGELEMENT('20rbNE5SrC78UCwkFipD9H',#5,'Sub-Surface7',$,$,#40,#1700,$,$);
#1702=IFCRELVOIDSELEMENT('3s6abKi$X2femiujp$sgWg',#5,'Subtraction','',#1670,#1701);
#1703=IFCCARTESIANPOINT((0.,17.4760390625,0.6552177734375));
#1704=IFCCARTESIANPOINT((0.1,17.4760390625,0.6552177734375));
#1705=IFCCARTESIANPOINT((0.1,14.4760390625,0.6552177734375));
#1706=IFCCARTESIANPOINT((0.,14.4760390625,0.6552177734375));
#1707=IFCPOLYLOOP((#1703,#1704,#1705,#1706));
#1708=IFCFACEOUTERBOUND(#1707,.T.);
#1709=IFCFACE((#1708));
#1710=IFCCARTESIANPOINT((0.,17.4760390625,2.6552177734375));
#1711=IFCCARTESIANPOINT((0.1,17.4760390625,2.6552177734375));
#1712=IFCPOLYLOOP((#1710,#1711,#1704,#1703));
#1713=IFCFACEOUTERBOUND(#1712,.T.);
#1714=IFCFACE((#1713));
#1715=IFCCARTESIANPOINT((0.1,14.4760390625,2.6552177734375));
#1716=IFCCARTESIANPOINT((0.,14.4760390625,2.6552177734375));
#1717=IFCPOLYLOOP((#1706,#1705,#1715,#1716));
#1718=IFCFACEOUTERBOUND(#1717,.T.);
#1719=IFCFACE((#1718));
#1720=IFCPOLYLOOP((#1703,#1706,#1716,#1710));
#1721=IFCFACEOUTERBOUND(#1720,.T.);
#1722=IFCCARTESIANPOINT((0.,14.5260390625,0.7052177734375));
#1723=IFCCARTESIANPOINT((0.,17.4260390625,0.7052177734375));
#1724=IFCCARTESIANPOINT((0.,17.4260390625,2.6052177734375));
#1725=IFCCARTESIANPOINT((0.,14.5260390625,2.6052177734375));
#1726=IFCPOLYLOOP((#1722,#1723,#1724,#1725));
#1727=IFCFACEBOUND(#1726,.T.);
#1728=IFCFACE((#1721,#1727));
#1729=IFCPOLYLOOP((#1705,#1704,#1711,#1715));
#1730=IFCFACEOUTERBOUND(#1729,.T.);
#1731=IFCCARTESIANPOINT((0.1,17.4260390625,0.7052177734375));
#1732=IFCCARTESIANPOINT((0.1,14.5260390625,0.7052177734375));
#1733=IFCCARTESIANPOINT((0.1,14.5260390625,2.6052177734375));
#1734=IFCCARTESIANPOINT((0.1,17.4260390625,2.6052177734375));
#1735=IFCPOLYLOOP((#1731,#1732,#1733,#1734));
#1736=IFCFACEBOUND(#1735,.T.);
#1737=IFCFACE((#1730,#1736));
#1738=IFCPOLYLOOP((#1716,#1715,#1711,#1710));
#1739=IFCFACEOUTERBOUND(#1738,.T.);
#1740=IFCFACE((#1739));
#1741=IFCPOLYLOOP((#1731,#1723,#1722,#1732));
#1742=IFCFACEOUTERBOUND(#1741,.T.);
#1743=IFCFACE((#1742));
#1744=IFCPOLYLOOP((#1732,#1722,#1725,#1733));
#1745=IFCFACEOUTERBOUND(#1744,.T.);
#1746=IFCFACE((#1745));
#1747=IFCPOLYLOOP((#1733,#1725,#1724,#1734));
#1748=IFCFACEOUTERBOUND(#1747,.T.);
#1749=IFCFACE((#1748));
#1750=IFCPOLYLOOP((#1734,#1724,#1723,#1731));
#1751=IFCFACEOUTERBOUND(#1750,.T.);
#1752=IFCFACE((#1751));
#1753=IFCCLOSEDSHELL((#1709,#1714,#1719,#1728,#1737,#1740,#1743,#1746,#1749,#1752));
#1754=IFCFACETEDBREP(#1753);
#1755=IFCCARTESIANPOINT((0.05,17.4260390625,0.7052177734375));
#1756=IFCCARTESIANPOINT((0.06,17.4260390625,0.7052177734375));
#1757=IFCCARTESIANPOINT((0.06,14.5260390625,0.7052177734375));
#1758=IFCCARTESIANPOINT((0.05,14.5260390625,0.7052177734375));
#1759=IFCPOLYLOOP((#1755,#1756,#1757,#1758));
#1760=IFCFACEOUTERBOUND(#1759,.T.);
#1761=IFCFACE((#1760));
#1762=IFCCARTESIANPOINT((0.06,14.5260390625,2.6052177734375));
#1763=IFCCARTESIANPOINT((0.05,14.5260390625,2.6052177734375));
#1764=IFCPOLYLOOP((#1758,#1757,#1762,#1763));
#1765=IFCFACEOUTERBOUND(#1764,.T.);
#1766=IFCFACE((#1765));
#1767=IFCCARTESIANPOINT((0.06,17.4260390625,2.6052177734375));
#1768=IFCCARTESIANPOINT((0.05,17.4260390625,2.6052177734375));
#1769=IFCPOLYLOOP((#1763,#1762,#1767,#1768));
#1770=IFCFACEOUTERBOUND(#1769,.T.);
#1771=IFCFACE((#1770));
#1772=IFCPOLYLOOP((#1768,#1767,#1756,#1755));
#1773=IFCFACEOUTERBOUND(#1772,.T.);
#1774=IFCFACE((#1773));
#1775=IFCPOLYLOOP((#1755,#1758,#1763,#1768));
#1776=IFCFACEOUTERBOUND(#1775,.T.);
#1777=IFCFACE((#1776));
#1778=IFCPOLYLOOP((#1757,#1756,#1767,#1762));
#1779=IFCFACEOUTERBOUND(#1778,.T.);
#1780=IFCFACE((#1779));
#1781=IFCCLOSEDSHELL((#1761,#1766,#1771,#1774,#1777,#1780));
#1782=IFCFACETEDBREP(#1781);
#1783=IFCSTYLEDITEM(#1754,(#87),$);
#1784=IFCSTYLEDITEM(#1782,(#229),$);
#1785=IFCSHAPEREPRESENTATION(#22,'Body','Brep',(#1754,#1782));
#1786=IFCPRODUCTDEFINITIONSHAPE($,$,(#1785));
#1787=IFCWINDOW('3p$zcwwBT2_vPeHjgo09jP',#5,'Sub-Surface7','',$,#40,#1786,$,2000.,3000.,.WINDOW.,.SINGLE_PANEL.,$);
#1788=IFCCARTESIANPOINT((0.1,11.,0.));
#1789=IFCAXIS2PLACEMENT3D(#1788,#7,#6);
#1790=IFCEXTRUDEDAREASOLID(#95,#1789,#7,3.5);
#1791=IFCSTYLEDITEM(#1790,(#102),$);
#1792=IFCSHAPEREPRESENTATION(#22,'Body','SweptSolid',(#1790));
#1793=IFCPOLYLINE((#1664,#105));
#1794=IFCCOMPOSITECURVESEGMENT(.CONTINUOUS.,.T.,#1793);
#1795=IFCCOMPOSITECURVE((#1794),.F.);
#1796=IFCSHAPEREPRESENTATION(#52,'Axis','Curve2D',(#1795));
#1797=IFCPRODUCTDEFINITIONSHAPE($,$,(#1792,#1796));
#1798=IFCWALL('00XdcDPfnFNPBhvg7tKWfj',#5,'Surface54','',$,#40,#1797,$,.MOVABLE.);
#1799=IFCCARTESIANPOINT((-3.4,11.883642578125,0.));
#1800=IFCCARTESIANPOINT((3.4,11.883642578125,0.));
#1801=IFCCARTESIANPOINT((3.4,10.083642578125,0.));
#1802=IFCCARTESIANPOINT((-3.4,10.083642578125,0.));
#1803=IFCPOLYLOOP((#1799,#1800,#1801,#1802));
#1804=IFCFACEOUTERBOUND(#1803,.T.);
#1805=IFCFACE((#1804));
#1806=IFCCARTESIANPOINT((3.4,10.083642578125,3.4));
#1807=IFCCARTESIANPOINT((-3.4,10.083642578125,3.4));
#1808=IFCPOLYLOOP((#1802,#1801,#1806,#1807));
#1809=IFCFACEOUTERBOUND(#1808,.T.);
#1810=IFCFACE((#1809));
#1811=IFCCARTESIANPOINT((3.4,11.883642578125,3.4));
#1812=IFCCARTESIANPOINT((-3.4,11.883642578125,3.4));
#1813=IFCPOLYLOOP((#1807,#1806,#1811,#1812));
#1814=IFCFACEOUTERBOUND(#1813,.T.);
#1815=IFCFACE((#1814));
#1816=IFCPOLYLOOP((#1812,#1811,#1800,#1799));
#1817=IFCFACEOUTERBOUND(#1816,.T.);
#1818=IFCFACE((#1817));
#1819=IFCPOLYLOOP((#1801,#1800,#1811,#1806));
#1820=IFCFACEOUTERBOUND(#1819,.T.);
#1821=IFCFACE((#1820));
#1822=IFCPOLYLOOP((#1799,#1802,#1807,#1812));
#1823=IFCFACEOUTERBOUND(#1822,.T.);
#1824=IFCFACE((#1823));
#1825=IFCCLOSEDSHELL((#1805,#1810,#1815,#1818,#1821,#1824));
#1826=IFCFACETEDBREP(#1825);
#1827=IFCSHAPEREPRESENTATION(#22,'Body','Brep',(#1826));
#1828=IFCPRODUCTDEFINITIONSHAPE($,$,(#1827));
#1829=IFCOPENINGELEMENT('391jj3d7r9Q83DMedJPlk8',#5,'Sub-Surface9',$,$,#40,#1828,$,$);
#1830=IFCRELVOIDSELEMENT('2aK4VItpfCkPh4gZ4bEWv2',#5,'Subtraction','',#1798,#1829);
#1831=IFCCARTESIANPOINT((0.,11.883642578125,0.));
#1832=IFCCARTESIANPOINT((0.1,11.883642578125,0.));
#1833=IFCCARTESIANPOINT((0.1,10.083642578125,0.));
#1834=IFCCARTESIANPOINT((0.,10.083642578125,0.));
#1835=IFCPOLYLOOP((#1831,#1832,#1833,#1834));
#1836=IFCFACEOUTERBOUND(#1835,.T.);
#1837=IFCFACE((#1836));
#1838=IFCCARTESIANPOINT((0.,11.883642578125,3.4));
#1839=IFCCARTESIANPOINT((0.1,11.883642578125,3.4));
#1840=IFCPOLYLOOP((#1838,#1839,#1832,#1831));
#1841=IFCFACEOUTERBOUND(#1840,.T.);
#1842=IFCFACE((#1841));
#1843=IFCCARTESIANPOINT((0.1,10.083642578125,3.4));
#1844=IFCCARTESIANPOINT((0.,10.083642578125,3.4));
#1845=IFCPOLYLOOP((#1834,#1833,#1843,#1844));
#1846=IFCFACEOUTERBOUND(#1845,.T.);
#1847=IFCFACE((#1846));
#1848=IFCPOLYLOOP((#1831,#1834,#1844,#1838));
#1849=IFCFACEOUTERBOUND(#1848,.T.);
#1850=IFCCARTESIANPOINT((0.,10.133642578125,0.05));
#1851=IFCCARTESIANPOINT((0.,11.833642578125,0.05));
#1852=IFCCARTESIANPOINT((0.,11.833642578125,3.35));
#1853=IFCCARTESIANPOINT((0.,10.133642578125,3.35));
#1854=IFCPOLYLOOP((#1850,#1851,#1852,#1853));
#1855=IFCFACEBOUND(#1854,.T.);
#1856=IFCFACE((#1849,#1855));
#1857=IFCPOLYLOOP((#1833,#1832,#1839,#1843));
#1858=IFCFACEOUTERBOUND(#1857,.T.);
#1859=IFCCARTESIANPOINT((0.1,11.833642578125,0.05));
#1860=IFCCARTESIANPOINT((0.1,10.133642578125,0.05));
#1861=IFCCARTESIANPOINT((0.1,10.133642578125,3.35));
#1862=IFCCARTESIANPOINT((0.1,11.833642578125,3.35));
#1863=IFCPOLYLOOP((#1859,#1860,#1861,#1862));
#1864=IFCFACEBOUND(#1863,.T.);
#1865=IFCFACE((#1858,#1864));
#1866=IFCPOLYLOOP((#1844,#1843,#1839,#1838));
#1867=IFCFACEOUTERBOUND(#1866,.T.);
#1868=IFCFACE((#1867));
#1869=IFCPOLYLOOP((#1859,#1851,#1850,#1860));
#1870=IFCFACEOUTERBOUND(#1869,.T.);
#1871=IFCFACE((#1870));
#1872=IFCPOLYLOOP((#1860,#1850,#1853,#1861));
#1873=IFCFACEOUTERBOUND(#1872,.T.);
#1874=IFCFACE((#1873));
#1875=IFCPOLYLOOP((#1861,#1853,#1852,#1862));
#1876=IFCFACEOUTERBOUND(#1875,.T.);
#1877=IFCFACE((#1876));
#1878=IFCPOLYLOOP((#1862,#1852,#1851,#1859));
#1879=IFCFACEOUTERBOUND(#1878,.T.);
#1880=IFCFACE((#1879));
#1881=IFCCLOSEDSHELL((#1837,#1842,#1847,#1856,#1865,#1868,#1871,#1874,#1877,#1880));
#1882=IFCFACETEDBREP(#1881);
#1883=IFCCARTESIANPOINT((0.05,11.833642578125,0.05));
#1884=IFCCARTESIANPOINT((0.06,11.833642578125,0.05));
#1885=IFCCARTESIANPOINT((0.06,10.133642578125,0.05));
#1886=IFCCARTESIANPOINT((0.05,10.133642578125,0.05));
#1887=IFCPOLYLOOP((#1883,#1884,#1885,#1886));
#1888=IFCFACEOUTERBOUND(#1887,.T.);
#1889=IFCFACE((#1888));
#1890=IFCCARTESIANPOINT((0.06,10.133642578125,3.35));
#1891=IFCCARTESIANPOINT((0.05,10.133642578125,3.35));
#1892=IFCPOLYLOOP((#1886,#1885,#1890,#1891));
#1893=IFCFACEOUTERBOUND(#1892,.T.);
#1894=IFCFACE((#1893));
#1895=IFCCARTESIANPOINT((0.06,11.833642578125,3.35));
#1896=IFCCARTESIANPOINT((0.05,11.833642578125,3.35));
#1897=IFCPOLYLOOP((#1891,#1890,#1895,#1896));
#1898=IFCFACEOUTERBOUND(#1897,.T.);
#1899=IFCFACE((#1898));
#1900=IFCPOLYLOOP((#1896,#1895,#1884,#1883));
#1901=IFCFACEOUTERBOUND(#1900,.T.);
#1902=IFCFACE((#1901));
#1903=IFCPOLYLOOP((#1883,#1886,#1891,#1896));
#1904=IFCFACEOUTERBOUND(#1903,.T.);
#1905=IFCFACE((#1904));
#1906=IFCPOLYLOOP((#1885,#1884,#1895,#1890));
#1907=IFCFACEOUTERBOUND(#1906,.T.);
#1908=IFCFACE((#1907));
#1909=IFCCLOSEDSHELL((#1889,#1894,#1899,#1902,#1905,#1908));
#1910=IFCFACETEDBREP(#1909);
#1911=IFCSTYLEDITEM(#1882,(#87),$);
#1912=IFCSTYLEDITEM(#1910,(#229),$);
#1913=IFCSHAPEREPRESENTATION(#22,'Body','Brep',(#1882,#1910));
#1914=IFCPRODUCTDEFINITIONSHAPE($,$,(#1913));
#1915=IFCWINDOW('0VcmNyEaj1GxU9RQ7iO8_p',#5,'Sub-Surface9','',$,#40,#1914,$,3400.,1800.,.WINDOW.,.SINGLE_PANEL.,$);
#1916=IFCCARTESIANPOINT((12.,16.,0.));
#1917=IFCAXIS2PLACEMENT3D(#1916,#7,#6);
#1918=IFCEXTRUDEDAREASOLID(#754,#1917,#7,3.5);
#1919=IFCSTYLEDITEM(#1918,(#102),$);
#1920=IFCSHAPEREPRESENTATION(#22,'Body','SweptSolid',(#1918));
#1921=IFCCARTESIANPOINT((12.,12.,0.));
#1922=IFCPOLYLINE((#1407,#1921));
#1923=IFCCOMPOSITECURVESEGMENT(.CONTINUOUS.,.T.,#1922);
#1924=IFCCOMPOSITECURVE((#1923),.F.);
#1925=IFCSHAPEREPRESENTATION(#52,'Axis','Curve2D',(#1924));
#1926=IFCPRODUCTDEFINITIONSHAPE($,$,(#1920,#1925));
#1927=IFCWALL('3p1nDDR1bBQRoM7xlIyRkW',#5,'Surface45','',$,#40,#1926,$,.MOVABLE.);
#1928=IFCCARTESIANPOINT((6.,12.1,0.));
#1929=IFCAXIS2PLACEMENT3D(#1928,#7,#6);
#1930=IFCEXTRUDEDAREASOLID(#363,#1929,#7,3.5);
#1931=IFCSTYLEDITEM(#1930,(#102),$);
#1932=IFCSHAPEREPRESENTATION(#22,'Body','SweptSolid',(#1930));
#1933=IFCPOLYLINE((#1921,#1664));
#1934=IFCCOMPOSITECURVESEGMENT(.CONTINUOUS.,.T.,#1933);
#1935=IFCCOMPOSITECURVE((#1934),.F.);
#1936=IFCSHAPEREPRESENTATION(#52,'Axis','Curve2D',(#1935));
#1937=IFCPRODUCTDEFINITIONSHAPE($,$,(#1932,#1936));
#1938=IFCWALL('2Flz$Cz8HDIvZDO6owjfIw',#5,'Surface39','',$,#40,#1937,$,.MOVABLE.);
#1939=IFCCARTESIANPOINT((9.795775390625,9.8,0.00895727252960254));
#1940=IFCCARTESIANPOINT((9.795775390625,14.2,0.00895727252960156));
#1941=IFCCARTESIANPOINT((10.995775390625,14.2,0.00895727252960156));
#1942=IFCCARTESIANPOINT((10.995775390625,9.8,0.00895727252960254));
#1943=IFCPOLYLOOP((#1939,#1940,#1941,#1942));
#1944=IFCFACEOUTERBOUND(#1943,.T.);
#1945=IFCFACE((#1944));
#1946=IFCCARTESIANPOINT((10.995775390625,14.2,2.2089572725296));
#1947=IFCCARTESIANPOINT((10.995775390625,9.8,2.2089572725296));
#1948=IFCPOLYLOOP((#1942,#1941,#1946,#1947));
#1949=IFCFACEOUTERBOUND(#1948,.T.);
#1950=IFCFACE((#1949));
#1951=IFCCARTESIANPOINT((9.795775390625,14.2,2.2089572725296));
#1952=IFCCARTESIANPOINT((9.795775390625,9.8,2.2089572725296));
#1953=IFCPOLYLOOP((#1947,#1946,#1951,#1952));
#1954=IFCFACEOUTERBOUND(#1953,.T.);
#1955=IFCFACE((#1954));
#1956=IFCPOLYLOOP((#1952,#1951,#1940,#1939));
#1957=IFCFACEOUTERBOUND(#1956,.T.);
#1958=IFCFACE((#1957));
#1959=IFCPOLYLOOP((#1941,#1940,#1951,#1946));
#1960=IFCFACEOUTERBOUND(#1959,.T.);
#1961=IFCFACE((#1960));
#1962=IFCPOLYLOOP((#1939,#1942,#1947,#1952));
#1963=IFCFACEOUTERBOUND(#1962,.T.);
#1964=IFCFACE((#1963));
#1965=IFCCLOSEDSHELL((#1945,#1950,#1955,#1958,#1961,#1964));
#1966=IFCFACETEDBREP(#1965);
#1967=IFCSHAPEREPRESENTATION(#22,'Body','Brep',(#1966));
#1968=IFCPRODUCTDEFINITIONSHAPE($,$,(#1967));
#1969=IFCOPENINGELEMENT('15IEVPE61DnhedPIiLZYe4',#5,'Door',$,$,#40,#1968,$,$);
#1970=IFCRELVOIDSELEMENT('0FKStvFev9qA37GVuAi1fl',#5,'Subtraction','',#1938,#1969);
#1971=IFCCARTESIANPOINT((9.845775390625,12.,0.00895727252960205));
#1972=IFCCARTESIANPOINT((9.795775390625,12.,0.00895727252960205));
#1973=IFCCARTESIANPOINT((9.795775390625,12.1,0.00895727252960203));
#1974=IFCCARTESIANPOINT((9.845775390625,12.1,0.00895727252960203));
#1975=IFCPOLYLOOP((#1971,#1972,#1973,#1974));
#1976=IFCFACEOUTERBOUND(#1975,.T.);
#1977=IFCFACE((#1976));
#1978=IFCCARTESIANPOINT((9.795775390625,12.,2.2089572725296));
#1979=IFCCARTESIANPOINT((9.845775390625,12.,2.1589572725296));
#1980=IFCCARTESIANPOINT((10.945775390625,12.,2.1589572725296));
#1981=IFCCARTESIANPOINT((10.945775390625,12.,0.00895727252960205));
#1982=IFCCARTESIANPOINT((10.995775390625,12.,0.00895727252960205));
#1983=IFCCARTESIANPOINT((10.995775390625,12.,2.2089572725296));
#1984=IFCPOLYLOOP((#1978,#1972,#1971,#1979,#1980,#1981,#1982,#1983));
#1985=IFCFACEOUTERBOUND(#1984,.T.);
#1986=IFCFACE((#1985));
#1987=IFCCARTESIANPOINT((9.845775390625,12.1,2.1589572725296));
#1988=IFCPOLYLOOP((#1987,#1979,#1971,#1974));
#1989=IFCFACEOUTERBOUND(#1988,.T.);
#1990=IFCFACE((#1989));
#1991=IFCCARTESIANPOINT((9.795775390625,12.1,2.2089572725296));
#1992=IFCCARTESIANPOINT((10.995775390625,12.1,2.2089572725296));
#1993=IFCCARTESIANPOINT((10.995775390625,12.1,0.00895727252960203));
#1994=IFCCARTESIANPOINT((10.945775390625,12.1,0.00895727252960203));
#1995=IFCCARTESIANPOINT((10.945775390625,12.1,2.1589572725296));
#1996=IFCPOLYLOOP((#1973,#1991,#1992,#1993,#1994,#1995,#1987,#1974));
#1997=IFCFACEOUTERBOUND(#1996,.T.);
#1998=IFCFACE((#1997));
#1999=IFCPOLYLOOP((#1978,#1991,#1973,#1972));
#2000=IFCFACEOUTERBOUND(#1999,.T.);
#2001=IFCFACE((#2000));
#2002=IFCPOLYLOOP((#1983,#1992,#1991,#1978));
#2003=IFCFACEOUTERBOUND(#2002,.T.);
#2004=IFCFACE((#2003));
#2005=IFCPOLYLOOP((#1982,#1993,#1992,#1983));
#2006=IFCFACEOUTERBOUND(#2005,.T.);
#2007=IFCFACE((#2006));
#2008=IFCPOLYLOOP((#1982,#1981,#1994,#1993));
#2009=IFCFACEOUTERBOUND(#2008,.T.);
#2010=IFCFACE((#2009));
#2011=IFCPOLYLOOP((#1994,#1981,#1980,#1995));
#2012=IFCFACEOUTERBOUND(#2011,.T.);
#2013=IFCFACE((#2012));
#2014=IFCPOLYLOOP((#1995,#1980,#1979,#1987));
#2015=IFCFACEOUTERBOUND(#2014,.T.);
#2016=IFCFACE((#2015));
#2017=IFCCLOSEDSHELL((#1977,#1986,#1990,#1998,#2001,#2004,#2007,#2010,#2013,#2016));
#2018=IFCFACETEDBREP(#2017);
#2019=IFCCARTESIANPOINT((9.845775390625,12.05,0.00895727252960204));
#2020=IFCCARTESIANPOINT((10.945775390625,12.05,0.00895727252960204));
#2021=IFCPOLYLOOP((#2019,#1974,#1994,#2020));
#2022=IFCFACEOUTERBOUND(#2021,.T.);
#2023=IFCFACE((#2022));
#2024=IFCCARTESIANPOINT((10.945775390625,12.05,2.1589572725296));
#2025=IFCPOLYLOOP((#2020,#1994,#1995,#2024));
#2026=IFCFACEOUTERBOUND(#2025,.T.);
#2027=IFCFACE((#2026));
#2028=IFCCARTESIANPOINT((9.845775390625,12.05,2.1589572725296));
#2029=IFCPOLYLOOP((#2024,#1995,#1987,#2028));
#2030=IFCFACEOUTERBOUND(#2029,.T.);
#2031=IFCFACE((#2030));
#2032=IFCPOLYLOOP((#2028,#1987,#1974,#2019));
#2033=IFCFACEOUTERBOUND(#2032,.T.);
#2034=IFCFACE((#2033));
#2035=IFCPOLYLOOP((#2019,#2020,#2024,#2028));
#2036=IFCFACEOUTERBOUND(#2035,.T.);
#2037=IFCFACE((#2036));
#2038=IFCPOLYLOOP((#1994,#1974,#1987,#1995));
#2039=IFCFACEOUTERBOUND(#2038,.T.);
#2040=IFCFACE((#2039));
#2041=IFCCLOSEDSHELL((#2023,#2027,#2031,#2034,#2037,#2040));
#2042=IFCFACETEDBREP(#2041);
#2043=IFCSTYLEDITEM(#2018,(#87),$);
#2044=IFCSTYLEDITEM(#2042,(#87),$);
#2045=IFCSHAPEREPRESENTATION(#22,'Body','Brep',(#2018,#2042));
#2046=IFCPRODUCTDEFINITIONSHAPE($,$,(#2045));
#2047=IFCDOOR('2JNoW3hmP7x9Xz1o4IY7ZX',#5,'Door','',$,#40,#2046,$,2200.,1200.,.DOOR.,.SINGLE_SWING_LEFT.,$);
#2048=IFCRECTANGLEPROFILEDEF(.AREA.,'rectangular',#29,16.,0.2);
#2049=IFCCARTESIANPOINT((20.,12.1,0.));
#2050=IFCAXIS2PLACEMENT3D(#2049,#7,#6);
#2051=IFCEXTRUDEDAREASOLID(#2048,#2050,#7,3.5);
#2052=IFCSTYLEDITEM(#2051,(#102),$);
#2053=IFCSHAPEREPRESENTATION(#22,'Body','SweptSolid',(#2051));
#2054=IFCCARTESIANPOINT((28.,12.,0.));
#2055=IFCPOLYLINE((#1921,#2054));
#2056=IFCCOMPOSITECURVESEGMENT(.CONTINUOUS.,.T.,#2055);
#2057=IFCCOMPOSITECURVE((#2056),.F.);
#2058=IFCSHAPEREPRESENTATION(#52,'Axis','Curve2D',(#2057));
#2059=IFCPRODUCTDEFINITIONSHAPE($,$,(#2053,#2058));
#2060=IFCWALL('2m7TA5LdH1kPSEwTrv6FT9',#5,'Surface44','',$,#40,#2059,$,.MOVABLE.);
#2061=IFCCARTESIANPOINT((13.005783203125,9.8,0.00176426649093677));
#2062=IFCCARTESIANPOINT((13.005783203125,14.2,0.00176426649093579));
#2063=IFCCARTESIANPOINT((14.205783203125,14.2,0.00176426649093579));
#2064=IFCCARTESIANPOINT((14.205783203125,9.8,0.00176426649093677));
#2065=IFCPOLYLOOP((#2061,#2062,#2063,#2064));
#2066=IFCFACEOUTERBOUND(#2065,.T.);
#2067=IFCFACE((#2066));
#2068=IFCCARTESIANPOINT((14.205783203125,14.2,2.20176426649094));
#2069=IFCCARTESIANPOINT((14.205783203125,9.8,2.20176426649094));
#2070=IFCPOLYLOOP((#2064,#2063,#2068,#2069));
#2071=IFCFACEOUTERBOUND(#2070,.T.);
#2072=IFCFACE((#2071));
#2073=IFCCARTESIANPOINT((13.005783203125,14.2,2.20176426649094));
#2074=IFCCARTESIANPOINT((13.005783203125,9.8,2.20176426649094));
#2075=IFCPOLYLOOP((#2069,#2068,#2073,#2074));
#2076=IFCFACEOUTERBOUND(#2075,.T.);
#2077=IFCFACE((#2076));
#2078=IFCPOLYLOOP((#2074,#2073,#2062,#2061));
#2079=IFCFACEOUTERBOUND(#2078,.T.);
#2080=IFCFACE((#2079));
#2081=IFCPOLYLOOP((#2063,#2062,#2073,#2068));
#2082=IFCFACEOUTERBOUND(#2081,.T.);
#2083=IFCFACE((#2082));
#2084=IFCPOLYLOOP((#2061,#2064,#2069,#2074));
#2085=IFCFACEOUTERBOUND(#2084,.T.);
#2086=IFCFACE((#2085));
#2087=IFCCLOSEDSHELL((#2067,#2072,#2077,#2080,#2083,#2086));
#2088=IFCFACETEDBREP(#2087);
#2089=IFCSHAPEREPRESENTATION(#22,'Body','Brep',(#2088));
#2090=IFCPRODUCTDEFINITIONSHAPE($,$,(#2089));
#2091=IFCOPENINGELEMENT('1Q4HpdWs59cuIr2u3RW_j2',#5,'Door002',$,$,#40,#2090,$,$);
#2092=IFCRELVOIDSELEMENT('1zCUMEUHL9auL4N1WeUrnU',#5,'Subtraction','',#2060,#2091);
#2093=IFCCARTESIANPOINT((25.82031640625,9.8,0.00176426649093677));
#2094=IFCCARTESIANPOINT((25.82031640625,14.2,0.00176426649093579));
#2095=IFCCARTESIANPOINT((27.02031640625,14.2,0.00176426649093579));
#2096=IFCCARTESIANPOINT((27.02031640625,9.8,0.00176426649093677));
#2097=IFCPOLYLOOP((#2093,#2094,#2095,#2096));
#2098=IFCFACEOUTERBOUND(#2097,.T.);
#2099=IFCFACE((#2098));
#2100=IFCCARTESIANPOINT((27.02031640625,14.2,2.20176426649094));
#2101=IFCCARTESIANPOINT((27.02031640625,9.8,2.20176426649094));
#2102=IFCPOLYLOOP((#2096,#2095,#2100,#2101));
#2103=IFCFACEOUTERBOUND(#2102,.T.);
#2104=IFCFACE((#2103));
#2105=IFCCARTESIANPOINT((25.82031640625,14.2,2.20176426649094));
#2106=IFCCARTESIANPOINT((25.82031640625,9.8,2.20176426649094));
#2107=IFCPOLYLOOP((#2101,#2100,#2105,#2106));
#2108=IFCFACEOUTERBOUND(#2107,.T.);
#2109=IFCFACE((#2108));
#2110=IFCPOLYLOOP((#2106,#2105,#2094,#2093));
#2111=IFCFACEOUTERBOUND(#2110,.T.);
#2112=IFCFACE((#2111));
#2113=IFCPOLYLOOP((#2095,#2094,#2105,#2100));
#2114=IFCFACEOUTERBOUND(#2113,.T.);
#2115=IFCFACE((#2114));
#2116=IFCPOLYLOOP((#2093,#2096,#2101,#2106));
#2117=IFCFACEOUTERBOUND(#2116,.T.);
#2118=IFCFACE((#2117));
#2119=IFCCLOSEDSHELL((#2099,#2104,#2109,#2112,#2115,#2118));
#2120=IFCFACETEDBREP(#2119);
#2121=IFCSHAPEREPRESENTATION(#22,'Body','Brep',(#2120));
#2122=IFCPRODUCTDEFINITIONSHAPE($,$,(#2121));
#2123=IFCOPENINGELEMENT('2$u1WibqT0hQKeBvddtVLT',#5,'Door003',$,$,#40,#2122,$,$);
#2124=IFCRELVOIDSELEMENT('08mOfLm3z6HwI8qF24A7QU',#5,'Subtraction','',#2060,#2123);
#2125=IFCCARTESIANPOINT((25.33069921875,22.8,0.0886921539306617));
#2126=IFCCARTESIANPOINT((25.33069921875,1.6,0.0886921539306664));
#2127=IFCCARTESIANPOINT((14.73069921875,1.6,0.0886921539306664));
#2128=IFCCARTESIANPOINT((14.73069921875,22.8,0.0886921539306617));
#2129=IFCPOLYLOOP((#2125,#2126,#2127,#2128));
#2130=IFCFACEOUTERBOUND(#2129,.T.);
#2131=IFCFACE((#2130));
#2132=IFCCARTESIANPOINT((14.73069921875,1.6,3.38869215393067));
#2133=IFCCARTESIANPOINT((14.73069921875,22.8,3.38869215393066));
#2134=IFCPOLYLOOP((#2128,#2127,#2132,#2133));
#2135=IFCFACEOUTERBOUND(#2134,.T.);
#2136=IFCFACE((#2135));
#2137=IFCCARTESIANPOINT((25.33069921875,1.6,3.38869215393067));
#2138=IFCCARTESIANPOINT((25.33069921875,22.8,3.38869215393066));
#2139=IFCPOLYLOOP((#2133,#2132,#2137,#2138));
#2140=IFCFACEOUTERBOUND(#2139,.T.);
#2141=IFCFACE((#2140));
#2142=IFCPOLYLOOP((#2138,#2137,#2126,#2125));
#2143=IFCFACEOUTERBOUND(#2142,.T.);
#2144=IFCFACE((#2143));
#2145=IFCPOLYLOOP((#2127,#2126,#2137,#2132));
#2146=IFCFACEOUTERBOUND(#2145,.T.);
#2147=IFCFACE((#2146));
#2148=IFCPOLYLOOP((#2125,#2128,#2133,#2138));
#2149=IFCFACEOUTERBOUND(#2148,.T.);
#2150=IFCFACE((#2149));
#2151=IFCCLOSEDSHELL((#2131,#2136,#2141,#2144,#2147,#2150));
#2152=IFCFACETEDBREP(#2151);
#2153=IFCSHAPEREPRESENTATION(#22,'Body','Brep',(#2152));
#2154=IFCPRODUCTDEFINITIONSHAPE($,$,(#2153));
#2155=IFCOPENINGELEMENT('2A7m72S35FYAD32xtmtQlP',#5,'Window',$,$,#40,#2154,$,$);
#2156=IFCRELVOIDSELEMENT('1YwhO4IpfAje_sgmC7NHfL',#5,'Subtraction','',#2060,#2155);
#2157=IFCCARTESIANPOINT((13.055783203125,12.,0.00176426649093628));
#2158=IFCCARTESIANPOINT((13.005783203125,12.,0.00176426649093628));
#2159=IFCCARTESIANPOINT((13.005783203125,12.1,0.00176426649093626));
#2160=IFCCARTESIANPOINT((13.055783203125,12.1,0.00176426649093626));
#2161=IFCPOLYLOOP((#2157,#2158,#2159,#2160));
#2162=IFCFACEOUTERBOUND(#2161,.T.);
#2163=IFCFACE((#2162));
#2164=IFCCARTESIANPOINT((13.005783203125,12.,2.20176426649094));
#2165=IFCCARTESIANPOINT((13.055783203125,12.,2.15176426649094));
#2166=IFCCARTESIANPOINT((14.155783203125,12.,2.15176426649094));
#2167=IFCCARTESIANPOINT((14.155783203125,12.,0.00176426649093628));
#2168=IFCCARTESIANPOINT((14.205783203125,12.,0.00176426649093628));
#2169=IFCCARTESIANPOINT((14.205783203125,12.,2.20176426649094));
#2170=IFCPOLYLOOP((#2164,#2158,#2157,#2165,#2166,#2167,#2168,#2169));
#2171=IFCFACEOUTERBOUND(#2170,.T.);
#2172=IFCFACE((#2171));
#2173=IFCCARTESIANPOINT((13.055783203125,12.1,2.15176426649094));
#2174=IFCPOLYLOOP((#2173,#2165,#2157,#2160));
#2175=IFCFACEOUTERBOUND(#2174,.T.);
#2176=IFCFACE((#2175));
#2177=IFCCARTESIANPOINT((13.005783203125,12.1,2.20176426649094));
#2178=IFCCARTESIANPOINT((14.205783203125,12.1,2.20176426649094));
#2179=IFCCARTESIANPOINT((14.205783203125,12.1,0.00176426649093626));
#2180=IFCCARTESIANPOINT((14.155783203125,12.1,0.00176426649093626));
#2181=IFCCARTESIANPOINT((14.155783203125,12.1,2.15176426649094));
#2182=IFCPOLYLOOP((#2159,#2177,#2178,#2179,#2180,#2181,#2173,#2160));
#2183=IFCFACEOUTERBOUND(#2182,.T.);
#2184=IFCFACE((#2183));
#2185=IFCPOLYLOOP((#2164,#2177,#2159,#2158));
#2186=IFCFACEOUTERBOUND(#2185,.T.);
#2187=IFCFACE((#2186));
#2188=IFCPOLYLOOP((#2169,#2178,#2177,#2164));
#2189=IFCFACEOUTERBOUND(#2188,.T.);
#2190=IFCFACE((#2189));
#2191=IFCPOLYLOOP((#2168,#2179,#2178,#2169));
#2192=IFCFACEOUTERBOUND(#2191,.T.);
#2193=IFCFACE((#2192));
#2194=IFCPOLYLOOP((#2168,#2167,#2180,#2179));
#2195=IFCFACEOUTERBOUND(#2194,.T.);
#2196=IFCFACE((#2195));
#2197=IFCPOLYLOOP((#2180,#2167,#2166,#2181));
#2198=IFCFACEOUTERBOUND(#2197,.T.);
#2199=IFCFACE((#2198));
#2200=IFCPOLYLOOP((#2181,#2166,#2165,#2173));
#2201=IFCFACEOUTERBOUND(#2200,.T.);
#2202=IFCFACE((#2201));
#2203=IFCCLOSEDSHELL((#2163,#2172,#2176,#2184,#2187,#2190,#2193,#2196,#2199,#2202));
#2204=IFCFACETEDBREP(#2203);
#2205=IFCCARTESIANPOINT((13.055783203125,12.05,0.00176426649093627));
#2206=IFCCARTESIANPOINT((14.155783203125,12.05,0.00176426649093627));
#2207=IFCPOLYLOOP((#2205,#2160,#2180,#2206));
#2208=IFCFACEOUTERBOUND(#2207,.T.);
#2209=IFCFACE((#2208));
#2210=IFCCARTESIANPOINT((14.155783203125,12.05,2.15176426649094));
#2211=IFCPOLYLOOP((#2206,#2180,#2181,#2210));
#2212=IFCFACEOUTERBOUND(#2211,.T.);
#2213=IFCFACE((#2212));
#2214=IFCCARTESIANPOINT((13.055783203125,12.05,2.15176426649094));
#2215=IFCPOLYLOOP((#2210,#2181,#2173,#2214));
#2216=IFCFACEOUTERBOUND(#2215,.T.);
#2217=IFCFACE((#2216));
#2218=IFCPOLYLOOP((#2214,#2173,#2160,#2205));
#2219=IFCFACEOUTERBOUND(#2218,.T.);
#2220=IFCFACE((#2219));
#2221=IFCPOLYLOOP((#2205,#2206,#2210,#2214));
#2222=IFCFACEOUTERBOUND(#2221,.T.);
#2223=IFCFACE((#2222));
#2224=IFCPOLYLOOP((#2180,#2160,#2173,#2181));
#2225=IFCFACEOUTERBOUND(#2224,.T.);
#2226=IFCFACE((#2225));
#2227=IFCCLOSEDSHELL((#2209,#2213,#2217,#2220,#2223,#2226));
#2228=IFCFACETEDBREP(#2227);
#2229=IFCSTYLEDITEM(#2204,(#87),$);
#2230=IFCSTYLEDITEM(#2228,(#87),$);
#2231=IFCSHAPEREPRESENTATION(#22,'Body','Brep',(#2204,#2228));
#2232=IFCPRODUCTDEFINITIONSHAPE($,$,(#2231));
#2233=IFCDOOR('0D_QJOqqX778PTZvIrjBm8',#5,'Door002','',$,#40,#2232,$,2200.,1200.,.DOOR.,.SINGLE_SWING_LEFT.,$);
#2234=IFCCARTESIANPOINT((25.87031640625,12.,0.00176426649093628));
#2235=IFCCARTESIANPOINT((25.82031640625,12.,0.00176426649093628));
#2236=IFCCARTESIANPOINT((25.82031640625,12.1,0.00176426649093626));
#2237=IFCCARTESIANPOINT((25.87031640625,12.1,0.00176426649093626));
#2238=IFCPOLYLOOP((#2234,#2235,#2236,#2237));
#2239=IFCFACEOUTERBOUND(#2238,.T.);
#2240=IFCFACE((#2239));
#2241=IFCCARTESIANPOINT((25.82031640625,12.,2.20176426649094));
#2242=IFCCARTESIANPOINT((25.87031640625,12.,2.15176426649094));
#2243=IFCCARTESIANPOINT((26.97031640625,12.,2.15176426649094));
#2244=IFCCARTESIANPOINT((26.97031640625,12.,0.00176426649093628));
#2245=IFCCARTESIANPOINT((27.02031640625,12.,0.00176426649093628));
#2246=IFCCARTESIANPOINT((27.02031640625,12.,2.20176426649094));
#2247=IFCPOLYLOOP((#2241,#2235,#2234,#2242,#2243,#2244,#2245,#2246));
#2248=IFCFACEOUTERBOUND(#2247,.T.);
#2249=IFCFACE((#2248));
#2250=IFCCARTESIANPOINT((25.87031640625,12.1,2.15176426649094));
#2251=IFCPOLYLOOP((#2250,#2242,#2234,#2237));
#2252=IFCFACEOUTERBOUND(#2251,.T.);
#2253=IFCFACE((#2252));
#2254=IFCCARTESIANPOINT((25.82031640625,12.1,2.20176426649094));
#2255=IFCCARTESIANPOINT((27.02031640625,12.1,2.20176426649094));
#2256=IFCCARTESIANPOINT((27.02031640625,12.1,0.00176426649093626));
#2257=IFCCARTESIANPOINT((26.97031640625,12.1,0.00176426649093626));
#2258=IFCCARTESIANPOINT((26.97031640625,12.1,2.15176426649094));
#2259=IFCPOLYLOOP((#2236,#2254,#2255,#2256,#2257,#2258,#2250,#2237));
#2260=IFCFACEOUTERBOUND(#2259,.T.);
#2261=IFCFACE((#2260));
#2262=IFCPOLYLOOP((#2241,#2254,#2236,#2235));
#2263=IFCFACEOUTERBOUND(#2262,.T.);
#2264=IFCFACE((#2263));
#2265=IFCPOLYLOOP((#2246,#2255,#2254,#2241));
#2266=IFCFACEOUTERBOUND(#2265,.T.);
#2267=IFCFACE((#2266));
#2268=IFCPOLYLOOP((#2245,#2256,#2255,#2246));
#2269=IFCFACEOUTERBOUND(#2268,.T.);
#2270=IFCFACE((#2269));
#2271=IFCPOLYLOOP((#2245,#2244,#2257,#2256));
#2272=IFCFACEOUTERBOUND(#2271,.T.);
#2273=IFCFACE((#2272));
#2274=IFCPOLYLOOP((#2257,#2244,#2243,#2258));
#2275=IFCFACEOUTERBOUND(#2274,.T.);
#2276=IFCFACE((#2275));
#2277=IFCPOLYLOOP((#2258,#2243,#2242,#2250));
#2278=IFCFACEOUTERBOUND(#2277,.T.);
#2279=IFCFACE((#2278));
#2280=IFCCLOSEDSHELL((#2240,#2249,#2253,#2261,#2264,#2267,#2270,#2273,#2276,#2279));
#2281=IFCFACETEDBREP(#2280);
#2282=IFCCARTESIANPOINT((25.87031640625,12.05,0.00176426649093627));
#2283=IFCCARTESIANPOINT((26.97031640625,12.05,0.00176426649093627));
#2284=IFCPOLYLOOP((#2282,#2237,#2257,#2283));
#2285=IFCFACEOUTERBOUND(#2284,.T.);
#2286=IFCFACE((#2285));
#2287=IFCCARTESIANPOINT((26.97031640625,12.05,2.15176426649094));
#2288=IFCPOLYLOOP((#2283,#2257,#2258,#2287));
#2289=IFCFACEOUTERBOUND(#2288,.T.);
#2290=IFCFACE((#2289));
#2291=IFCCARTESIANPOINT((25.87031640625,12.05,2.15176426649094));
#2292=IFCPOLYLOOP((#2287,#2258,#2250,#2291));
#2293=IFCFACEOUTERBOUND(#2292,.T.);
#2294=IFCFACE((#2293));
#2295=IFCPOLYLOOP((#2291,#2250,#2237,#2282));
#2296=IFCFACEOUTERBOUND(#2295,.T.);
#2297=IFCFACE((#2296));
#2298=IFCPOLYLOOP((#2282,#2283,#2287,#2291));
#2299=IFCFACEOUTERBOUND(#2298,.T.);
#2300=IFCFACE((#2299));
#2301=IFCPOLYLOOP((#2257,#2237,#2250,#2258));
#2302=IFCFACEOUTERBOUND(#2301,.T.);
#2303=IFCFACE((#2302));
#2304=IFCCLOSEDSHELL((#2286,#2290,#2294,#2297,#2300,#2303));
#2305=IFCFACETEDBREP(#2304);
#2306=IFCSTYLEDITEM(#2281,(#87),$);
#2307=IFCSTYLEDITEM(#2305,(#87),$);
#2308=IFCSHAPEREPRESENTATION(#22,'Body','Brep',(#2281,#2305));
#2309=IFCPRODUCTDEFINITIONSHAPE($,$,(#2308));
#2310=IFCDOOR('0U0PMjiMrA_v_5NpYdm97B',#5,'Door003','',$,#40,#2309,$,2200.,1200.,.DOOR.,.SINGLE_SWING_LEFT.,$);
#2311=IFCCARTESIANPOINT((25.33069921875,12.2,0.0886921539306641));
#2312=IFCCARTESIANPOINT((25.33069921875,12.1,0.0886921539306641));
#2313=IFCCARTESIANPOINT((14.73069921875,12.1,0.0886921539306641));
#2314=IFCCARTESIANPOINT((14.73069921875,12.2,0.0886921539306641));
#2315=IFCPOLYLOOP((#2311,#2312,#2313,#2314));
#2316=IFCFACEOUTERBOUND(#2315,.T.);
#2317=IFCFACE((#2316));
#2318=IFCCARTESIANPOINT((25.33069921875,12.2,3.38869215393066));
#2319=IFCCARTESIANPOINT((25.33069921875,12.1,3.38869215393066));
#2320=IFCPOLYLOOP((#2318,#2319,#2312,#2311));
#2321=IFCFACEOUTERBOUND(#2320,.T.);
#2322=IFCFACE((#2321));
#2323=IFCCARTESIANPOINT((14.73069921875,12.1,3.38869215393066));
#2324=IFCCARTESIANPOINT((14.73069921875,12.2,3.38869215393066));
#2325=IFCPOLYLOOP((#2314,#2313,#2323,#2324));
#2326=IFCFACEOUTERBOUND(#2325,.T.);
#2327=IFCFACE((#2326));
#2328=IFCPOLYLOOP((#2311,#2314,#2324,#2318));
#2329=IFCFACEOUTERBOUND(#2328,.T.);
#2330=IFCCARTESIANPOINT((14.78069921875,12.2,0.138692153930664));
#2331=IFCCARTESIANPOINT((25.28069921875,12.2,0.138692153930664));
#2332=IFCCARTESIANPOINT((25.28069921875,12.2,3.33869215393066));
#2333=IFCCARTESIANPOINT((14.78069921875,12.2,3.33869215393066));
#2334=IFCPOLYLOOP((#2330,#2331,#2332,#2333));
#2335=IFCFACEBOUND(#2334,.T.);
#2336=IFCFACE((#2329,#2335));
#2337=IFCPOLYLOOP((#2313,#2312,#2319,#2323));
#2338=IFCFACEOUTERBOUND(#2337,.T.);
#2339=IFCCARTESIANPOINT((25.28069921875,12.1,0.138692153930664));
#2340=IFCCARTESIANPOINT((14.78069921875,12.1,0.138692153930664));
#2341=IFCCARTESIANPOINT((14.78069921875,12.1,3.33869215393066));
#2342=IFCCARTESIANPOINT((25.28069921875,12.1,3.33869215393066));
#2343=IFCPOLYLOOP((#2339,#2340,#2341,#2342));
#2344=IFCFACEBOUND(#2343,.T.);
#2345=IFCFACE((#2338,#2344));
#2346=IFCPOLYLOOP((#2324,#2323,#2319,#2318));
#2347=IFCFACEOUTERBOUND(#2346,.T.);
#2348=IFCFACE((#2347));
#2349=IFCPOLYLOOP((#2339,#2331,#2330,#2340));
#2350=IFCFACEOUTERBOUND(#2349,.T.);
#2351=IFCFACE((#2350));
#2352=IFCPOLYLOOP((#2340,#2330,#2333,#2341));
#2353=IFCFACEOUTERBOUND(#2352,.T.);
#2354=IFCFACE((#2353));
#2355=IFCPOLYLOOP((#2341,#2333,#2332,#2342));
#2356=IFCFACEOUTERBOUND(#2355,.T.);
#2357=IFCFACE((#2356));
#2358=IFCPOLYLOOP((#2342,#2332,#2331,#2339));
#2359=IFCFACEOUTERBOUND(#2358,.T.);
#2360=IFCFACE((#2359));
#2361=IFCCLOSEDSHELL((#2317,#2322,#2327,#2336,#2345,#2348,#2351,#2354,#2357,#2360));
#2362=IFCFACETEDBREP(#2361);
#2363=IFCCARTESIANPOINT((25.28069921875,12.15,0.138692153930664));
#2364=IFCCARTESIANPOINT((25.28069921875,12.14,0.138692153930664));
#2365=IFCCARTESIANPOINT((14.78069921875,12.14,0.138692153930664));
#2366=IFCCARTESIANPOINT((14.78069921875,12.15,0.138692153930664));
#2367=IFCPOLYLOOP((#2363,#2364,#2365,#2366));
#2368=IFCFACEOUTERBOUND(#2367,.T.);
#2369=IFCFACE((#2368));
#2370=IFCCARTESIANPOINT((14.78069921875,12.14,3.33869215393066));
#2371=IFCCARTESIANPOINT((14.78069921875,12.15,3.33869215393066));
#2372=IFCPOLYLOOP((#2366,#2365,#2370,#2371));
#2373=IFCFACEOUTERBOUND(#2372,.T.);
#2374=IFCFACE((#2373));
#2375=IFCCARTESIANPOINT((25.28069921875,12.14,3.33869215393066));
#2376=IFCCARTESIANPOINT((25.28069921875,12.15,3.33869215393066));
#2377=IFCPOLYLOOP((#2371,#2370,#2375,#2376));
#2378=IFCFACEOUTERBOUND(#2377,.T.);
#2379=IFCFACE((#2378));
#2380=IFCPOLYLOOP((#2376,#2375,#2364,#2363));
#2381=IFCFACEOUTERBOUND(#2380,.T.);
#2382=IFCFACE((#2381));
#2383=IFCPOLYLOOP((#2363,#2366,#2371,#2376));
#2384=IFCFACEOUTERBOUND(#2383,.T.);
#2385=IFCFACE((#2384));
#2386=IFCPOLYLOOP((#2365,#2364,#2375,#2370));
#2387=IFCFACEOUTERBOUND(#2386,.T.);
#2388=IFCFACE((#2387));
#2389=IFCCLOSEDSHELL((#2369,#2374,#2379,#2382,#2385,#2388));
#2390=IFCFACETEDBREP(#2389);
#2391=IFCSTYLEDITEM(#2362,(#87),$);
#2392=IFCSTYLEDITEM(#2390,(#229),$);
#2393=IFCSHAPEREPRESENTATION(#22,'Body','Brep',(#2362,#2390));
#2394=IFCPRODUCTDEFINITIONSHAPE($,$,(#2393));
#2395=IFCWINDOW('1N5F4i5cDESxgqNoVr0tFV',#5,'Window','',$,#40,#2394,$,3300.,10600.,.WINDOW.,.SINGLE_PANEL.,$);
#2396=IFCCARTESIANPOINT((28.,16.,0.));
#2397=IFCAXIS2PLACEMENT3D(#2396,#7,#6);
#2398=IFCEXTRUDEDAREASOLID(#234,#2397,#7,3.5);
#2399=IFCSTYLEDITEM(#2398,(#102),$);
#2400=IFCSHAPEREPRESENTATION(#22,'Body','SweptSolid',(#2398));
#2401=IFCPOLYLINE((#2054,#1277));
#2402=IFCCOMPOSITECURVESEGMENT(.CONTINUOUS.,.T.,#2401);
#2403=IFCCOMPOSITECURVE((#2402),.F.);
#2404=IFCSHAPEREPRESENTATION(#52,'Axis','Curve2D',(#2403));
#2405=IFCPRODUCTDEFINITIONSHAPE($,$,(#2400,#2404));
#2406=IFCWALL('3vpL9IMjP2uhIDNFEvYk_5',#5,'Surface51','',$,#40,#2405,$,.MOVABLE.);
#2407=IFCCARTESIANPOINT((34.,12.1,0.));
#2408=IFCAXIS2PLACEMENT3D(#2407,#7,#6);
#2409=IFCEXTRUDEDAREASOLID(#363,#2408,#7,3.5);
#2410=IFCSTYLEDITEM(#2409,(#102),$);
#2411=IFCSHAPEREPRESENTATION(#22,'Body','SweptSolid',(#2409));
#2412=IFCPOLYLINE((#2054,#1019));
#2413=IFCCOMPOSITECURVESEGMENT(.CONTINUOUS.,.T.,#2412);
#2414=IFCCOMPOSITECURVE((#2413),.F.);
#2415=IFCSHAPEREPRESENTATION(#52,'Axis','Curve2D',(#2414));
#2416=IFCPRODUCTDEFINITIONSHAPE($,$,(#2411,#2415));
#2417=IFCWALL('2k7fLrJP9DAeRUdRZM9B2K',#5,'Surface50','',$,#40,#2416,$,.MOVABLE.);
#2418=IFCCARTESIANPOINT((28.944560546875,9.8,0.0369003791809087));
#2419=IFCCARTESIANPOINT((28.944560546875,14.2,0.0369003791809077));
#2420=IFCCARTESIANPOINT((30.144560546875,14.2,0.0369003791809077));
#2421=IFCCARTESIANPOINT((30.144560546875,9.8,0.0369003791809087));
#2422=IFCPOLYLOOP((#2418,#2419,#2420,#2421));
#2423=IFCFACEOUTERBOUND(#2422,.T.);
#2424=IFCFACE((#2423));
#2425=IFCCARTESIANPOINT((30.144560546875,14.2,2.23690037918091));
#2426=IFCCARTESIANPOINT((30.144560546875,9.8,2.23690037918091));
#2427=IFCPOLYLOOP((#2421,#2420,#2425,#2426));
#2428=IFCFACEOUTERBOUND(#2427,.T.);
#2429=IFCFACE((#2428));
#2430=IFCCARTESIANPOINT((28.944560546875,14.2,2.23690037918091));
#2431=IFCCARTESIANPOINT((28.944560546875,9.8,2.23690037918091));
#2432=IFCPOLYLOOP((#2426,#2425,#2430,#2431));
#2433=IFCFACEOUTERBOUND(#2432,.T.);
#2434=IFCFACE((#2433));
#2435=IFCPOLYLOOP((#2431,#2430,#2419,#2418));
#2436=IFCFACEOUTERBOUND(#2435,.T.);
#2437=IFCFACE((#2436));
#2438=IFCPOLYLOOP((#2420,#2419,#2430,#2425));
#2439=IFCFACEOUTERBOUND(#2438,.T.);
#2440=IFCFACE((#2439));
#2441=IFCPOLYLOOP((#2418,#2421,#2426,#2431));
#2442=IFCFACEOUTERBOUND(#2441,.T.);
#2443=IFCFACE((#2442));
#2444=IFCCLOSEDSHELL((#2424,#2429,#2434,#2437,#2440,#2443));
#2445=IFCFACETEDBREP(#2444);
#2446=IFCSHAPEREPRESENTATION(#22,'Body','Brep',(#2445));
#2447=IFCPRODUCTDEFINITIONSHAPE($,$,(#2446));
#2448=IFCOPENINGELEMENT('2SviMjQ7z0xBo$PWivTZN1',#5,'Door006',$,$,#40,#2447,$,$);
#2449=IFCRELVOIDSELEMENT('3MKAejCPbAWfmG$GmHtCfN',#5,'Subtraction','',#2417,#2448);
#2450=IFCCARTESIANPOINT((28.994560546875,12.,0.0369003791809082));
#2451=IFCCARTESIANPOINT((28.944560546875,12.,0.0369003791809082));
#2452=IFCCARTESIANPOINT((28.944560546875,12.1,0.0369003791809082));
#2453=IFCCARTESIANPOINT((28.994560546875,12.1,0.0369003791809082));
#2454=IFCPOLYLOOP((#2450,#2451,#2452,#2453));
#2455=IFCFACEOUTERBOUND(#2454,.T.);
#2456=IFCFACE((#2455));
#2457=IFCCARTESIANPOINT((28.944560546875,12.,2.23690037918091));
#2458=IFCCARTESIANPOINT((28.994560546875,12.,2.18690037918091));
#2459=IFCCARTESIANPOINT((30.094560546875,12.,2.18690037918091));
#2460=IFCCARTESIANPOINT((30.094560546875,12.,0.0369003791809082));
#2461=IFCCARTESIANPOINT((30.144560546875,12.,0.0369003791809082));
#2462=IFCCARTESIANPOINT((30.144560546875,12.,2.23690037918091));
#2463=IFCPOLYLOOP((#2457,#2451,#2450,#2458,#2459,#2460,#2461,#2462));
#2464=IFCFACEOUTERBOUND(#2463,.T.);
#2465=IFCFACE((#2464));
#2466=IFCCARTESIANPOINT((28.994560546875,12.1,2.18690037918091));
#2467=IFCPOLYLOOP((#2466,#2458,#2450,#2453));
#2468=IFCFACEOUTERBOUND(#2467,.T.);
#2469=IFCFACE((#2468));
#2470=IFCCARTESIANPOINT((28.944560546875,12.1,2.23690037918091));
#2471=IFCCARTESIANPOINT((30.144560546875,12.1,2.23690037918091));
#2472=IFCCARTESIANPOINT((30.144560546875,12.1,0.0369003791809082));
#2473=IFCCARTESIANPOINT((30.094560546875,12.1,0.0369003791809082));
#2474=IFCCARTESIANPOINT((30.094560546875,12.1,2.18690037918091));
#2475=IFCPOLYLOOP((#2452,#2470,#2471,#2472,#2473,#2474,#2466,#2453));
#2476=IFCFACEOUTERBOUND(#2475,.T.);
#2477=IFCFACE((#2476));
#2478=IFCPOLYLOOP((#2457,#2470,#2452,#2451));
#2479=IFCFACEOUTERBOUND(#2478,.T.);
#2480=IFCFACE((#2479));
#2481=IFCPOLYLOOP((#2462,#2471,#2470,#2457));
#2482=IFCFACEOUTERBOUND(#2481,.T.);
#2483=IFCFACE((#2482));
#2484=IFCPOLYLOOP((#2461,#2472,#2471,#2462));
#2485=IFCFACEOUTERBOUND(#2484,.T.);
#2486=IFCFACE((#2485));
#2487=IFCPOLYLOOP((#2461,#2460,#2473,#2472));
#2488=IFCFACEOUTERBOUND(#2487,.T.);
#2489=IFCFACE((#2488));
#2490=IFCPOLYLOOP((#2473,#2460,#2459,#2474));
#2491=IFCFACEOUTERBOUND(#2490,.T.);
#2492=IFCFACE((#2491));
#2493=IFCPOLYLOOP((#2474,#2459,#2458,#2466));
#2494=IFCFACEOUTERBOUND(#2493,.T.);
#2495=IFCFACE((#2494));
#2496=IFCCLOSEDSHELL((#2456,#2465,#2469,#2477,#2480,#2483,#2486,#2489,#2492,#2495));
#2497=IFCFACETEDBREP(#2496);
#2498=IFCCARTESIANPOINT((28.994560546875,12.05,0.0369003791809082));
#2499=IFCCARTESIANPOINT((30.094560546875,12.05,0.0369003791809082));
#2500=IFCPOLYLOOP((#2498,#2453,#2473,#2499));
#2501=IFCFACEOUTERBOUND(#2500,.T.);
#2502=IFCFACE((#2501));
#2503=IFCCARTESIANPOINT((30.094560546875,12.05,2.18690037918091));
#2504=IFCPOLYLOOP((#2499,#2473,#2474,#2503));
#2505=IFCFACEOUTERBOUND(#2504,.T.);
#2506=IFCFACE((#2505));
#2507=IFCCARTESIANPOINT((28.994560546875,12.05,2.18690037918091));
#2508=IFCPOLYLOOP((#2503,#2474,#2466,#2507));
#2509=IFCFACEOUTERBOUND(#2508,.T.);
#2510=IFCFACE((#2509));
#2511=IFCPOLYLOOP((#2507,#2466,#2453,#2498));
#2512=IFCFACEOUTERBOUND(#2511,.T.);
#2513=IFCFACE((#2512));
#2514=IFCPOLYLOOP((#2498,#2499,#2503,#2507));
#2515=IFCFACEOUTERBOUND(#2514,.T.);
#2516=IFCFACE((#2515));
#2517=IFCPOLYLOOP((#2473,#2453,#2466,#2474));
#2518=IFCFACEOUTERBOUND(#2517,.T.);
#2519=IFCFACE((#2518));
#2520=IFCCLOSEDSHELL((#2502,#2506,#2510,#2513,#2516,#2519));
#2521=IFCFACETEDBREP(#2520);
#2522=IFCSTYLEDITEM(#2497,(#87),$);
#2523=IFCSTYLEDITEM(#2521,(#87),$);
#2524=IFCSHAPEREPRESENTATION(#22,'Body','Brep',(#2497,#2521));
#2525=IFCPRODUCTDEFINITIONSHAPE($,$,(#2524));
#2526=IFCDOOR('0bdeyDjV56bOKHAL_AUHgU',#5,'Door006','',$,#40,#2525,$,2200.,1200.,.DOOR.,.SINGLE_SWING_LEFT.,$);
#2527=IFCCARTESIANPOINT((34.,7.9,0.));
#2528=IFCAXIS2PLACEMENT3D(#2527,#7,#6);
#2529=IFCEXTRUDEDAREASOLID(#1271,#2528,#7,3.5);
#2530=IFCSTYLEDITEM(#2529,(#102),$);
#2531=IFCSHAPEREPRESENTATION(#22,'Body','SweptSolid',(#2529));
#2532=IFCCARTESIANPOINT((28.,8.,0.));
#2533=IFCPOLYLINE((#760,#2532));
#2534=IFCCOMPOSITECURVESEGMENT(.CONTINUOUS.,.T.,#2533);
#2535=IFCCOMPOSITECURVE((#2534),.F.);
#2536=IFCSHAPEREPRESENTATION(#52,'Axis','Curve2D',(#2535));
#2537=IFCPRODUCTDEFINITIONSHAPE($,$,(#2531,#2536));
#2538=IFCWALL('2zOClKNHz7G9JfmL8WvNyp',#5,'Surface34','',$,#40,#2537,$,.MOVABLE.);
#2539=IFCCARTESIANPOINT((28.99359765625,5.6,0.00677901124954272));
#2540=IFCCARTESIANPOINT((28.99359765625,10.,0.00677901124954175));
#2541=IFCCARTESIANPOINT((30.19359765625,10.,0.00677901124954175));
#2542=IFCCARTESIANPOINT((30.19359765625,5.6,0.00677901124954272));
#2543=IFCPOLYLOOP((#2539,#2540,#2541,#2542));
#2544=IFCFACEOUTERBOUND(#2543,.T.);
#2545=IFCFACE((#2544));
#2546=IFCCARTESIANPOINT((30.19359765625,10.,2.20677901124954));
#2547=IFCCARTESIANPOINT((30.19359765625,5.6,2.20677901124954));
#2548=IFCPOLYLOOP((#2542,#2541,#2546,#2547));
#2549=IFCFACEOUTERBOUND(#2548,.T.);
#2550=IFCFACE((#2549));
#2551=IFCCARTESIANPOINT((28.99359765625,10.,2.20677901124954));
#2552=IFCCARTESIANPOINT((28.99359765625,5.6,2.20677901124954));
#2553=IFCPOLYLOOP((#2547,#2546,#2551,#2552));
#2554=IFCFACEOUTERBOUND(#2553,.T.);
#2555=IFCFACE((#2554));
#2556=IFCPOLYLOOP((#2552,#2551,#2540,#2539));
#2557=IFCFACEOUTERBOUND(#2556,.T.);
#2558=IFCFACE((#2557));
#2559=IFCPOLYLOOP((#2541,#2540,#2551,#2546));
#2560=IFCFACEOUTERBOUND(#2559,.T.);
#2561=IFCFACE((#2560));
#2562=IFCPOLYLOOP((#2539,#2542,#2547,#2552));
#2563=IFCFACEOUTERBOUND(#2562,.T.);
#2564=IFCFACE((#2563));
#2565=IFCCLOSEDSHELL((#2545,#2550,#2555,#2558,#2561,#2564));
#2566=IFCFACETEDBREP(#2565);
#2567=IFCSHAPEREPRESENTATION(#22,'Body','Brep',(#2566));
#2568=IFCPRODUCTDEFINITIONSHAPE($,$,(#2567));
#2569=IFCOPENINGELEMENT('0Y8eBsLwz7fO_VZYAGBoV1',#5,'Door007',$,$,#40,#2568,$,$);
#2570=IFCRELVOIDSELEMENT('3l7fD2EFDDTxjDxTiI_Hpo',#5,'Subtraction','',#2538,#2569);
#2571=IFCCARTESIANPOINT((29.04359765625,7.8,0.00677901124954224));
#2572=IFCCARTESIANPOINT((28.99359765625,7.8,0.00677901124954224));
#2573=IFCCARTESIANPOINT((28.99359765625,7.9,0.00677901124954221));
#2574=IFCCARTESIANPOINT((29.04359765625,7.9,0.00677901124954221));
#2575=IFCPOLYLOOP((#2571,#2572,#2573,#2574));
#2576=IFCFACEOUTERBOUND(#2575,.T.);
#2577=IFCFACE((#2576));
#2578=IFCCARTESIANPOINT((28.99359765625,7.8,2.20677901124954));
#2579=IFCCARTESIANPOINT((29.04359765625,7.8,2.15677901124954));
#2580=IFCCARTESIANPOINT((30.14359765625,7.8,2.15677901124954));
#2581=IFCCARTESIANPOINT((30.14359765625,7.8,0.00677901124954224));
#2582=IFCCARTESIANPOINT((30.19359765625,7.8,0.00677901124954224));
#2583=IFCCARTESIANPOINT((30.19359765625,7.8,2.20677901124954));
#2584=IFCPOLYLOOP((#2578,#2572,#2571,#2579,#2580,#2581,#2582,#2583));
#2585=IFCFACEOUTERBOUND(#2584,.T.);
#2586=IFCFACE((#2585));
#2587=IFCCARTESIANPOINT((29.04359765625,7.9,2.15677901124954));
#2588=IFCPOLYLOOP((#2587,#2579,#2571,#2574));
#2589=IFCFACEOUTERBOUND(#2588,.T.);
#2590=IFCFACE((#2589));
#2591=IFCCARTESIANPOINT((28.99359765625,7.9,2.20677901124954));
#2592=IFCCARTESIANPOINT((30.19359765625,7.9,2.20677901124954));
#2593=IFCCARTESIANPOINT((30.19359765625,7.9,0.00677901124954221));
#2594=IFCCARTESIANPOINT((30.14359765625,7.9,0.00677901124954221));
#2595=IFCCARTESIANPOINT((30.14359765625,7.9,2.15677901124954));
#2596=IFCPOLYLOOP((#2573,#2591,#2592,#2593,#2594,#2595,#2587,#2574));
#2597=IFCFACEOUTERBOUND(#2596,.T.);
#2598=IFCFACE((#2597));
#2599=IFCPOLYLOOP((#2578,#2591,#2573,#2572));
#2600=IFCFACEOUTERBOUND(#2599,.T.);
#2601=IFCFACE((#2600));
#2602=IFCPOLYLOOP((#2583,#2592,#2591,#2578));
#2603=IFCFACEOUTERBOUND(#2602,.T.);
#2604=IFCFACE((#2603));
#2605=IFCPOLYLOOP((#2582,#2593,#2592,#2583));
#2606=IFCFACEOUTERBOUND(#2605,.T.);
#2607=IFCFACE((#2606));
#2608=IFCPOLYLOOP((#2582,#2581,#2594,#2593));
#2609=IFCFACEOUTERBOUND(#2608,.T.);
#2610=IFCFACE((#2609));
#2611=IFCPOLYLOOP((#2594,#2581,#2580,#2595));
#2612=IFCFACEOUTERBOUND(#2611,.T.);
#2613=IFCFACE((#2612));
#2614=IFCPOLYLOOP((#2595,#2580,#2579,#2587));
#2615=IFCFACEOUTERBOUND(#2614,.T.);
#2616=IFCFACE((#2615));
#2617=IFCCLOSEDSHELL((#2577,#2586,#2590,#2598,#2601,#2604,#2607,#2610,#2613,#2616));
#2618=IFCFACETEDBREP(#2617);
#2619=IFCCARTESIANPOINT((29.04359765625,7.85,0.00677901124954223));
#2620=IFCCARTESIANPOINT((30.14359765625,7.85,0.00677901124954223));
#2621=IFCPOLYLOOP((#2619,#2574,#2594,#2620));
#2622=IFCFACEOUTERBOUND(#2621,.T.);
#2623=IFCFACE((#2622));
#2624=IFCCARTESIANPOINT((30.14359765625,7.85,2.15677901124954));
#2625=IFCPOLYLOOP((#2620,#2594,#2595,#2624));
#2626=IFCFACEOUTERBOUND(#2625,.T.);
#2627=IFCFACE((#2626));
#2628=IFCCARTESIANPOINT((29.04359765625,7.85,2.15677901124954));
#2629=IFCPOLYLOOP((#2624,#2595,#2587,#2628));
#2630=IFCFACEOUTERBOUND(#2629,.T.);
#2631=IFCFACE((#2630));
#2632=IFCPOLYLOOP((#2628,#2587,#2574,#2619));
#2633=IFCFACEOUTERBOUND(#2632,.T.);
#2634=IFCFACE((#2633));
#2635=IFCPOLYLOOP((#2619,#2620,#2624,#2628));
#2636=IFCFACEOUTERBOUND(#2635,.T.);
#2637=IFCFACE((#2636));
#2638=IFCPOLYLOOP((#2594,#2574,#2587,#2595));
#2639=IFCFACEOUTERBOUND(#2638,.T.);
#2640=IFCFACE((#2639));
#2641=IFCCLOSEDSHELL((#2623,#2627,#2631,#2634,#2637,#2640));
#2642=IFCFACETEDBREP(#2641);
#2643=IFCSTYLEDITEM(#2618,(#87),$);
#2644=IFCSTYLEDITEM(#2642,(#87),$);
#2645=IFCSHAPEREPRESENTATION(#22,'Body','Brep',(#2618,#2642));
#2646=IFCPRODUCTDEFINITIONSHAPE($,$,(#2645));
#2647=IFCDOOR('2Sb2rXtMz388ChJdUQgLMQ',#5,'Door007','',$,#40,#2646,$,2200.,1200.,.DOOR.,.SINGLE_SWING_LEFT.,$);
#2648=IFCCARTESIANPOINT((28.,4.,0.));
#2649=IFCAXIS2PLACEMENT3D(#2648,#7,#6);
#2650=IFCEXTRUDEDAREASOLID(#754,#2649,#7,3.5);
#2651=IFCSTYLEDITEM(#2650,(#102),$);
#2652=IFCSHAPEREPRESENTATION(#22,'Body','SweptSolid',(#2650));
#2653=IFCPOLYLINE((#2532,#501));
#2654=IFCCOMPOSITECURVESEGMENT(.CONTINUOUS.,.T.,#2653);
#2655=IFCCOMPOSITECURVE((#2654),.F.);
#2656=IFCSHAPEREPRESENTATION(#52,'Axis','Curve2D',(#2655));
#2657=IFCPRODUCTDEFINITIONSHAPE($,$,(#2652,#2656));
#2658=IFCWALL('0V4pkGqB51e8nHo7qxDnuP',#5,'Surface22','',$,#40,#2657,$,.MOVABLE.);
#2659=IFCCARTESIANPOINT((20.,7.9,0.));
#2660=IFCAXIS2PLACEMENT3D(#2659,#7,#6);
#2661=IFCEXTRUDEDAREASOLID(#1401,#2660,#7,3.5);
#2662=IFCSTYLEDITEM(#2661,(#102),$);
#2663=IFCSHAPEREPRESENTATION(#22,'Body','SweptSolid',(#2661));
#2664=IFCCARTESIANPOINT((12.,8.,0.));
#2665=IFCPOLYLINE((#2532,#2664));
#2666=IFCCOMPOSITECURVESEGMENT(.CONTINUOUS.,.T.,#2665);
#2667=IFCCOMPOSITECURVE((#2666),.F.);
#2668=IFCSHAPEREPRESENTATION(#52,'Axis','Curve2D',(#2667));
#2669=IFCPRODUCTDEFINITIONSHAPE($,$,(#2663,#2668));
#2670=IFCWALL('0LvRFVCoTC5gD7EsbiZAM_',#5,'Surface27','',$,#40,#2669,$,.MOVABLE.);
#2671=IFCCARTESIANPOINT((12.9894384765625,5.6,0.0178734626770024));
#2672=IFCCARTESIANPOINT((12.9894384765625,10.,0.0178734626770015));
#2673=IFCCARTESIANPOINT((14.1894384765625,10.,0.0178734626770015));
#2674=IFCCARTESIANPOINT((14.1894384765625,5.6,0.0178734626770024));
#2675=IFCPOLYLOOP((#2671,#2672,#2673,#2674));
#2676=IFCFACEOUTERBOUND(#2675,.T.);
#2677=IFCFACE((#2676));
#2678=IFCCARTESIANPOINT((14.1894384765625,10.,2.217873462677));
#2679=IFCCARTESIANPOINT((14.1894384765625,5.6,2.217873462677));
#2680=IFCPOLYLOOP((#2674,#2673,#2678,#2679));
#2681=IFCFACEOUTERBOUND(#2680,.T.);
#2682=IFCFACE((#2681));
#2683=IFCCARTESIANPOINT((12.9894384765625,10.,2.217873462677));
#2684=IFCCARTESIANPOINT((12.9894384765625,5.6,2.217873462677));
#2685=IFCPOLYLOOP((#2679,#2678,#2683,#2684));
#2686=IFCFACEOUTERBOUND(#2685,.T.);
#2687=IFCFACE((#2686));
#2688=IFCPOLYLOOP((#2684,#2683,#2672,#2671));
#2689=IFCFACEOUTERBOUND(#2688,.T.);
#2690=IFCFACE((#2689));
#2691=IFCPOLYLOOP((#2673,#2672,#2683,#2678));
#2692=IFCFACEOUTERBOUND(#2691,.T.);
#2693=IFCFACE((#2692));
#2694=IFCPOLYLOOP((#2671,#2674,#2679,#2684));
#2695=IFCFACEOUTERBOUND(#2694,.T.);
#2696=IFCFACE((#2695));
#2697=IFCCLOSEDSHELL((#2677,#2682,#2687,#2690,#2693,#2696));
#2698=IFCFACETEDBREP(#2697);
#2699=IFCSHAPEREPRESENTATION(#22,'Body','Brep',(#2698));
#2700=IFCPRODUCTDEFINITIONSHAPE($,$,(#2699));
#2701=IFCOPENINGELEMENT('0n0xyYj4P2Zfka2VwODXHX',#5,'Door004',$,$,#40,#2700,$,$);
#2702=IFCRELVOIDSELEMENT('0R0L4URCvD69xdCifRi4_J',#5,'Subtraction','',#2670,#2701);
#2703=IFCCARTESIANPOINT((25.80397265625,5.6,0.0178734626770024));
#2704=IFCCARTESIANPOINT((25.80397265625,10.,0.0178734626770015));
#2705=IFCCARTESIANPOINT((27.00397265625,10.,0.0178734626770015));
#2706=IFCCARTESIANPOINT((27.00397265625,5.6,0.0178734626770024));
#2707=IFCPOLYLOOP((#2703,#2704,#2705,#2706));
#2708=IFCFACEOUTERBOUND(#2707,.T.);
#2709=IFCFACE((#2708));
#2710=IFCCARTESIANPOINT((27.00397265625,10.,2.217873462677));
#2711=IFCCARTESIANPOINT((27.00397265625,5.6,2.217873462677));
#2712=IFCPOLYLOOP((#2706,#2705,#2710,#2711));
#2713=IFCFACEOUTERBOUND(#2712,.T.);
#2714=IFCFACE((#2713));
#2715=IFCCARTESIANPOINT((25.80397265625,10.,2.217873462677));
#2716=IFCCARTESIANPOINT((25.80397265625,5.6,2.217873462677));
#2717=IFCPOLYLOOP((#2711,#2710,#2715,#2716));
#2718=IFCFACEOUTERBOUND(#2717,.T.);
#2719=IFCFACE((#2718));
#2720=IFCPOLYLOOP((#2716,#2715,#2704,#2703));
#2721=IFCFACEOUTERBOUND(#2720,.T.);
#2722=IFCFACE((#2721));
#2723=IFCPOLYLOOP((#2705,#2704,#2715,#2710));
#2724=IFCFACEOUTERBOUND(#2723,.T.);
#2725=IFCFACE((#2724));
#2726=IFCPOLYLOOP((#2703,#2706,#2711,#2716));
#2727=IFCFACEOUTERBOUND(#2726,.T.);
#2728=IFCFACE((#2727));
#2729=IFCCLOSEDSHELL((#2709,#2714,#2719,#2722,#2725,#2728));
#2730=IFCFACETEDBREP(#2729);
#2731=IFCSHAPEREPRESENTATION(#22,'Body','Brep',(#2730));
#2732=IFCPRODUCTDEFINITIONSHAPE($,$,(#2731));
#2733=IFCOPENINGELEMENT('03kY3AI2b3Iu_1LAKa5ohV',#5,'Door005',$,$,#40,#2732,$,$);
#2734=IFCRELVOIDSELEMENT('1YPVjlr_T2ChysCLvXM5tZ',#5,'Subtraction','',#2670,#2733);
#2735=IFCCARTESIANPOINT((25.30631640625,18.6,0.0267899456024146));
#2736=IFCCARTESIANPOINT((25.30631640625,-2.6,0.0267899456024193));
#2737=IFCCARTESIANPOINT((14.70631640625,-2.6,0.0267899456024193));
#2738=IFCCARTESIANPOINT((14.70631640625,18.6,0.0267899456024146));
#2739=IFCPOLYLOOP((#2735,#2736,#2737,#2738));
#2740=IFCFACEOUTERBOUND(#2739,.T.);
#2741=IFCFACE((#2740));
#2742=IFCCARTESIANPOINT((14.70631640625,-2.6,3.32678994560242));
#2743=IFCCARTESIANPOINT((14.70631640625,18.6,3.32678994560241));
#2744=IFCPOLYLOOP((#2738,#2737,#2742,#2743));
#2745=IFCFACEOUTERBOUND(#2744,.T.);
#2746=IFCFACE((#2745));
#2747=IFCCARTESIANPOINT((25.30631640625,-2.6,3.32678994560242));
#2748=IFCCARTESIANPOINT((25.30631640625,18.6,3.32678994560241));
#2749=IFCPOLYLOOP((#2743,#2742,#2747,#2748));
#2750=IFCFACEOUTERBOUND(#2749,.T.);
#2751=IFCFACE((#2750));
#2752=IFCPOLYLOOP((#2748,#2747,#2736,#2735));
#2753=IFCFACEOUTERBOUND(#2752,.T.);
#2754=IFCFACE((#2753));
#2755=IFCPOLYLOOP((#2737,#2736,#2747,#2742));
#2756=IFCFACEOUTERBOUND(#2755,.T.);
#2757=IFCFACE((#2756));
#2758=IFCPOLYLOOP((#2735,#2738,#2743,#2748));
#2759=IFCFACEOUTERBOUND(#2758,.T.);
#2760=IFCFACE((#2759));
#2761=IFCCLOSEDSHELL((#2741,#2746,#2751,#2754,#2757,#2760));
#2762=IFCFACETEDBREP(#2761);
#2763=IFCSHAPEREPRESENTATION(#22,'Body','Brep',(#2762));
#2764=IFCPRODUCTDEFINITIONSHAPE($,$,(#2763));
#2765=IFCOPENINGELEMENT('3BNy$X7616c8v7Uy36pZHe',#5,'Window023',$,$,#40,#2764,$,$);
#2766=IFCRELVOIDSELEMENT('3kJx4w1_rBHgU3osjF5YqT',#5,'Subtraction','',#2670,#2765);
#2767=IFCCARTESIANPOINT((13.0394384765625,7.8,0.017873462677002));
#2768=IFCCARTESIANPOINT((12.9894384765625,7.8,0.017873462677002));
#2769=IFCCARTESIANPOINT((12.9894384765625,7.9,0.0178734626770019));
#2770=IFCCARTESIANPOINT((13.0394384765625,7.9,0.0178734626770019));
#2771=IFCPOLYLOOP((#2767,#2768,#2769,#2770));
#2772=IFCFACEOUTERBOUND(#2771,.T.);
#2773=IFCFACE((#2772));
#2774=IFCCARTESIANPOINT((12.9894384765625,7.8,2.217873462677));
#2775=IFCCARTESIANPOINT((13.0394384765625,7.8,2.167873462677));
#2776=IFCCARTESIANPOINT((14.1394384765625,7.8,2.167873462677));
#2777=IFCCARTESIANPOINT((14.1394384765625,7.8,0.017873462677002));
#2778=IFCCARTESIANPOINT((14.1894384765625,7.8,0.017873462677002));
#2779=IFCCARTESIANPOINT((14.1894384765625,7.8,2.217873462677));
#2780=IFCPOLYLOOP((#2774,#2768,#2767,#2775,#2776,#2777,#2778,#2779));
#2781=IFCFACEOUTERBOUND(#2780,.T.);
#2782=IFCFACE((#2781));
#2783=IFCCARTESIANPOINT((13.0394384765625,7.9,2.167873462677));
#2784=IFCPOLYLOOP((#2783,#2775,#2767,#2770));
#2785=IFCFACEOUTERBOUND(#2784,.T.);
#2786=IFCFACE((#2785));
#2787=IFCCARTESIANPOINT((12.9894384765625,7.9,2.217873462677));
#2788=IFCCARTESIANPOINT((14.1894384765625,7.9,2.217873462677));
#2789=IFCCARTESIANPOINT((14.1894384765625,7.9,0.0178734626770019));
#2790=IFCCARTESIANPOINT((14.1394384765625,7.9,0.0178734626770019));
#2791=IFCCARTESIANPOINT((14.1394384765625,7.9,2.167873462677));
#2792=IFCPOLYLOOP((#2769,#2787,#2788,#2789,#2790,#2791,#2783,#2770));
#2793=IFCFACEOUTERBOUND(#2792,.T.);
#2794=IFCFACE((#2793));
#2795=IFCPOLYLOOP((#2774,#2787,#2769,#2768));
#2796=IFCFACEOUTERBOUND(#2795,.T.);
#2797=IFCFACE((#2796));
#2798=IFCPOLYLOOP((#2779,#2788,#2787,#2774));
#2799=IFCFACEOUTERBOUND(#2798,.T.);
#2800=IFCFACE((#2799));
#2801=IFCPOLYLOOP((#2778,#2789,#2788,#2779));
#2802=IFCFACEOUTERBOUND(#2801,.T.);
#2803=IFCFACE((#2802));
#2804=IFCPOLYLOOP((#2778,#2777,#2790,#2789));
#2805=IFCFACEOUTERBOUND(#2804,.T.);
#2806=IFCFACE((#2805));
#2807=IFCPOLYLOOP((#2790,#2777,#2776,#2791));
#2808=IFCFACEOUTERBOUND(#2807,.T.);
#2809=IFCFACE((#2808));
#2810=IFCPOLYLOOP((#2791,#2776,#2775,#2783));
#2811=IFCFACEOUTERBOUND(#2810,.T.);
#2812=IFCFACE((#2811));
#2813=IFCCLOSEDSHELL((#2773,#2782,#2786,#2794,#2797,#2800,#2803,#2806,#2809,#2812));
#2814=IFCFACETEDBREP(#2813);
#2815=IFCCARTESIANPOINT((13.0394384765625,7.85,0.0178734626770019));
#2816=IFCCARTESIANPOINT((14.1394384765625,7.85,0.0178734626770019));
#2817=IFCPOLYLOOP((#2815,#2770,#2790,#2816));
#2818=IFCFACEOUTERBOUND(#2817,.T.);
#2819=IFCFACE((#2818));
#2820=IFCCARTESIANPOINT((14.1394384765625,7.85,2.167873462677));
#2821=IFCPOLYLOOP((#2816,#2790,#2791,#2820));
#2822=IFCFACEOUTERBOUND(#2821,.T.);
#2823=IFCFACE((#2822));
#2824=IFCCARTESIANPOINT((13.0394384765625,7.85,2.167873462677));
#2825=IFCPOLYLOOP((#2820,#2791,#2783,#2824));
#2826=IFCFACEOUTERBOUND(#2825,.T.);
#2827=IFCFACE((#2826));
#2828=IFCPOLYLOOP((#2824,#2783,#2770,#2815));
#2829=IFCFACEOUTERBOUND(#2828,.T.);
#2830=IFCFACE((#2829));
#2831=IFCPOLYLOOP((#2815,#2816,#2820,#2824));
#2832=IFCFACEOUTERBOUND(#2831,.T.);
#2833=IFCFACE((#2832));
#2834=IFCPOLYLOOP((#2790,#2770,#2783,#2791));
#2835=IFCFACEOUTERBOUND(#2834,.T.);
#2836=IFCFACE((#2835));
#2837=IFCCLOSEDSHELL((#2819,#2823,#2827,#2830,#2833,#2836));
#2838=IFCFACETEDBREP(#2837);
#2839=IFCSTYLEDITEM(#2814,(#87),$);
#2840=IFCSTYLEDITEM(#2838,(#87),$);
#2841=IFCSHAPEREPRESENTATION(#22,'Body','Brep',(#2814,#2838));
#2842=IFCPRODUCTDEFINITIONSHAPE($,$,(#2841));
#2843=IFCDOOR('2DH_Rar5rFLABkZKf_afHM',#5,'Door004','',$,#40,#2842,$,2200.,1200.,.DOOR.,.SINGLE_SWING_LEFT.,$);
#2844=IFCCARTESIANPOINT((25.85397265625,7.8,0.017873462677002));
#2845=IFCCARTESIANPOINT((25.80397265625,7.8,0.017873462677002));
#2846=IFCCARTESIANPOINT((25.80397265625,7.9,0.0178734626770019));
#2847=IFCCARTESIANPOINT((25.85397265625,7.9,0.0178734626770019));
#2848=IFCPOLYLOOP((#2844,#2845,#2846,#2847));
#2849=IFCFACEOUTERBOUND(#2848,.T.);
#2850=IFCFACE((#2849));
#2851=IFCCARTESIANPOINT((25.80397265625,7.8,2.217873462677));
#2852=IFCCARTESIANPOINT((25.85397265625,7.8,2.167873462677));
#2853=IFCCARTESIANPOINT((26.95397265625,7.8,2.167873462677));
#2854=IFCCARTESIANPOINT((26.95397265625,7.8,0.017873462677002));
#2855=IFCCARTESIANPOINT((27.00397265625,7.8,0.017873462677002));
#2856=IFCCARTESIANPOINT((27.00397265625,7.8,2.217873462677));
#2857=IFCPOLYLOOP((#2851,#2845,#2844,#2852,#2853,#2854,#2855,#2856));
#2858=IFCFACEOUTERBOUND(#2857,.T.);
#2859=IFCFACE((#2858));
#2860=IFCCARTESIANPOINT((25.85397265625,7.9,2.167873462677));
#2861=IFCPOLYLOOP((#2860,#2852,#2844,#2847));
#2862=IFCFACEOUTERBOUND(#2861,.T.);
#2863=IFCFACE((#2862));
#2864=IFCCARTESIANPOINT((25.80397265625,7.9,2.217873462677));
#2865=IFCCARTESIANPOINT((27.00397265625,7.9,2.217873462677));
#2866=IFCCARTESIANPOINT((27.00397265625,7.9,0.0178734626770019));
#2867=IFCCARTESIANPOINT((26.95397265625,7.9,0.0178734626770019));
#2868=IFCCARTESIANPOINT((26.95397265625,7.9,2.167873462677));
#2869=IFCPOLYLOOP((#2846,#2864,#2865,#2866,#2867,#2868,#2860,#2847));
#2870=IFCFACEOUTERBOUND(#2869,.T.);
#2871=IFCFACE((#2870));
#2872=IFCPOLYLOOP((#2851,#2864,#2846,#2845));
#2873=IFCFACEOUTERBOUND(#2872,.T.);
#2874=IFCFACE((#2873));
#2875=IFCPOLYLOOP((#2856,#2865,#2864,#2851));
#2876=IFCFACEOUTERBOUND(#2875,.T.);
#2877=IFCFACE((#2876));
#2878=IFCPOLYLOOP((#2855,#2866,#2865,#2856));
#2879=IFCFACEOUTERBOUND(#2878,.T.);
#2880=IFCFACE((#2879));
#2881=IFCPOLYLOOP((#2855,#2854,#2867,#2866));
#2882=IFCFACEOUTERBOUND(#2881,.T.);
#2883=IFCFACE((#2882));
#2884=IFCPOLYLOOP((#2867,#2854,#2853,#2868));
#2885=IFCFACEOUTERBOUND(#2884,.T.);
#2886=IFCFACE((#2885));
#2887=IFCPOLYLOOP((#2868,#2853,#2852,#2860));
#2888=IFCFACEOUTERBOUND(#2887,.T.);
#2889=IFCFACE((#2888));
#2890=IFCCLOSEDSHELL((#2850,#2859,#2863,#2871,#2874,#2877,#2880,#2883,#2886,#2889));
#2891=IFCFACETEDBREP(#2890);
#2892=IFCCARTESIANPOINT((25.85397265625,7.85,0.0178734626770019));
#2893=IFCCARTESIANPOINT((26.95397265625,7.85,0.0178734626770019));
#2894=IFCPOLYLOOP((#2892,#2847,#2867,#2893));
#2895=IFCFACEOUTERBOUND(#2894,.T.);
#2896=IFCFACE((#2895));
#2897=IFCCARTESIANPOINT((26.95397265625,7.85,2.167873462677));
#2898=IFCPOLYLOOP((#2893,#2867,#2868,#2897));
#2899=IFCFACEOUTERBOUND(#2898,.T.);
#2900=IFCFACE((#2899));
#2901=IFCCARTESIANPOINT((25.85397265625,7.85,2.167873462677));
#2902=IFCPOLYLOOP((#2897,#2868,#2860,#2901));
#2903=IFCFACEOUTERBOUND(#2902,.T.);
#2904=IFCFACE((#2903));
#2905=IFCPOLYLOOP((#2901,#2860,#2847,#2892));
#2906=IFCFACEOUTERBOUND(#2905,.T.);
#2907=IFCFACE((#2906));
#2908=IFCPOLYLOOP((#2892,#2893,#2897,#2901));
#2909=IFCFACEOUTERBOUND(#2908,.T.);
#2910=IFCFACE((#2909));
#2911=IFCPOLYLOOP((#2867,#2847,#2860,#2868));
#2912=IFCFACEOUTERBOUND(#2911,.T.);
#2913=IFCFACE((#2912));
#2914=IFCCLOSEDSHELL((#2896,#2900,#2904,#2907,#2910,#2913));
#2915=IFCFACETEDBREP(#2914);
#2916=IFCSTYLEDITEM(#2891,(#87),$);
#2917=IFCSTYLEDITEM(#2915,(#87),$);
#2918=IFCSHAPEREPRESENTATION(#22,'Body','Brep',(#2891,#2915));
#2919=IFCPRODUCTDEFINITIONSHAPE($,$,(#2918));
#2920=IFCDOOR('1dnoeXnUzCzOGyOY0RVl7i',#5,'Door005','',$,#40,#2919,$,2200.,1200.,.DOOR.,.SINGLE_SWING_LEFT.,$);
#2921=IFCCARTESIANPOINT((25.30631640625,8.,0.026789945602417));
#2922=IFCCARTESIANPOINT((25.30631640625,7.9,0.026789945602417));
#2923=IFCCARTESIANPOINT((14.70631640625,7.9,0.026789945602417));
#2924=IFCCARTESIANPOINT((14.70631640625,8.,0.026789945602417));
#2925=IFCPOLYLOOP((#2921,#2922,#2923,#2924));
#2926=IFCFACEOUTERBOUND(#2925,.T.);
#2927=IFCFACE((#2926));
#2928=IFCCARTESIANPOINT((25.30631640625,8.,3.32678994560242));
#2929=IFCCARTESIANPOINT((25.30631640625,7.9,3.32678994560242));
#2930=IFCPOLYLOOP((#2928,#2929,#2922,#2921));
#2931=IFCFACEOUTERBOUND(#2930,.T.);
#2932=IFCFACE((#2931));
#2933=IFCCARTESIANPOINT((14.70631640625,7.9,3.32678994560242));
#2934=IFCCARTESIANPOINT((14.70631640625,8.,3.32678994560242));
#2935=IFCPOLYLOOP((#2924,#2923,#2933,#2934));
#2936=IFCFACEOUTERBOUND(#2935,.T.);
#2937=IFCFACE((#2936));
#2938=IFCPOLYLOOP((#2921,#2924,#2934,#2928));
#2939=IFCFACEOUTERBOUND(#2938,.T.);
#2940=IFCCARTESIANPOINT((14.75631640625,8.,0.076789945602417));
#2941=IFCCARTESIANPOINT((25.25631640625,8.,0.076789945602417));
#2942=IFCCARTESIANPOINT((25.25631640625,8.,3.27678994560242));
#2943=IFCCARTESIANPOINT((14.75631640625,8.,3.27678994560242));
#2944=IFCPOLYLOOP((#2940,#2941,#2942,#2943));
#2945=IFCFACEBOUND(#2944,.T.);
#2946=IFCFACE((#2939,#2945));
#2947=IFCPOLYLOOP((#2923,#2922,#2929,#2933));
#2948=IFCFACEOUTERBOUND(#2947,.T.);
#2949=IFCCARTESIANPOINT((25.25631640625,7.9,0.076789945602417));
#2950=IFCCARTESIANPOINT((14.75631640625,7.9,0.076789945602417));
#2951=IFCCARTESIANPOINT((14.75631640625,7.9,3.27678994560242));
#2952=IFCCARTESIANPOINT((25.25631640625,7.9,3.27678994560242));
#2953=IFCPOLYLOOP((#2949,#2950,#2951,#2952));
#2954=IFCFACEBOUND(#2953,.T.);
#2955=IFCFACE((#2948,#2954));
#2956=IFCPOLYLOOP((#2934,#2933,#2929,#2928));
#2957=IFCFACEOUTERBOUND(#2956,.T.);
#2958=IFCFACE((#2957));
#2959=IFCPOLYLOOP((#2949,#2941,#2940,#2950));
#2960=IFCFACEOUTERBOUND(#2959,.T.);
#2961=IFCFACE((#2960));
#2962=IFCPOLYLOOP((#2950,#2940,#2943,#2951));
#2963=IFCFACEOUTERBOUND(#2962,.T.);
#2964=IFCFACE((#2963));
#2965=IFCPOLYLOOP((#2951,#2943,#2942,#2952));
#2966=IFCFACEOUTERBOUND(#2965,.T.);
#2967=IFCFACE((#2966));
#2968=IFCPOLYLOOP((#2952,#2942,#2941,#2949));
#2969=IFCFACEOUTERBOUND(#2968,.T.);
#2970=IFCFACE((#2969));
#2971=IFCCLOSEDSHELL((#2927,#2932,#2937,#2946,#2955,#2958,#2961,#2964,#2967,#2970));
#2972=IFCFACETEDBREP(#2971);
#2973=IFCCARTESIANPOINT((25.25631640625,7.95,0.076789945602417));
#2974=IFCCARTESIANPOINT((25.25631640625,7.94,0.076789945602417));
#2975=IFCCARTESIANPOINT((14.75631640625,7.94,0.076789945602417));
#2976=IFCCARTESIANPOINT((14.75631640625,7.95,0.076789945602417));
#2977=IFCPOLYLOOP((#2973,#2974,#2975,#2976));
#2978=IFCFACEOUTERBOUND(#2977,.T.);
#2979=IFCFACE((#2978));
#2980=IFCCARTESIANPOINT((14.75631640625,7.94,3.27678994560242));
#2981=IFCCARTESIANPOINT((14.75631640625,7.95,3.27678994560242));
#2982=IFCPOLYLOOP((#2976,#2975,#2980,#2981));
#2983=IFCFACEOUTERBOUND(#2982,.T.);
#2984=IFCFACE((#2983));
#2985=IFCCARTESIANPOINT((25.25631640625,7.94,3.27678994560242));
#2986=IFCCARTESIANPOINT((25.25631640625,7.95,3.27678994560242));
#2987=IFCPOLYLOOP((#2981,#2980,#2985,#2986));
#2988=IFCFACEOUTERBOUND(#2987,.T.);
#2989=IFCFACE((#2988));
#2990=IFCPOLYLOOP((#2986,#2985,#2974,#2973));
#2991=IFCFACEOUTERBOUND(#2990,.T.);
#2992=IFCFACE((#2991));
#2993=IFCPOLYLOOP((#2973,#2976,#2981,#2986));
#2994=IFCFACEOUTERBOUND(#2993,.T.);
#2995=IFCFACE((#2994));
#2996=IFCPOLYLOOP((#2975,#2974,#2985,#2980));
#2997=IFCFACEOUTERBOUND(#2996,.T.);
#2998=IFCFACE((#2997));
#2999=IFCCLOSEDSHELL((#2979,#2984,#2989,#2992,#2995,#2998));
#3000=IFCFACETEDBREP(#2999);
#3001=IFCSTYLEDITEM(#2972,(#87),$);
#3002=IFCSTYLEDITEM(#3000,(#229),$);
#3003=IFCSHAPEREPRESENTATION(#22,'Body','Brep',(#2972,#3000));
#3004=IFCPRODUCTDEFINITIONSHAPE($,$,(#3003));
#3005=IFCWINDOW('0$PzX9PyD0mewAxZWnwzUM',#5,'Window023','',$,#40,#3004,$,3300.,10600.,.WINDOW.,.SINGLE_PANEL.,$);
#3006=IFCCARTESIANPOINT((12.,4.,0.));
#3007=IFCAXIS2PLACEMENT3D(#3006,#7,#6);
#3008=IFCEXTRUDEDAREASOLID(#754,#3007,#7,3.5);
#3009=IFCSTYLEDITEM(#3008,(#102),$);
#3010=IFCSHAPEREPRESENTATION(#22,'Body','SweptSolid',(#3008));
#3011=IFCPOLYLINE((#2664,#369));
#3012=IFCCOMPOSITECURVESEGMENT(.CONTINUOUS.,.T.,#3011);
#3013=IFCCOMPOSITECURVE((#3012),.F.);
#3014=IFCSHAPEREPRESENTATION(#52,'Axis','Curve2D',(#3013));
#3015=IFCPRODUCTDEFINITIONSHAPE($,$,(#3010,#3014));
#3016=IFCWALL('39ltSxwQ5BahlNUr2G3rqA',#5,'Surface16','',$,#40,#3015,$,.MOVABLE.);
#3017=IFCCARTESIANPOINT((6.,7.9,0.));
#3018=IFCAXIS2PLACEMENT3D(#3017,#7,#6);
#3019=IFCEXTRUDEDAREASOLID(#1271,#3018,#7,3.5);
#3020=IFCSTYLEDITEM(#3019,(#102),$);
#3021=IFCSHAPEREPRESENTATION(#22,'Body','SweptSolid',(#3019));
#3022=IFCPOLYLINE((#2664,#106));
#3023=IFCCOMPOSITECURVESEGMENT(.CONTINUOUS.,.T.,#3022);
#3024=IFCCOMPOSITECURVE((#3023),.F.);
#3025=IFCSHAPEREPRESENTATION(#52,'Axis','Curve2D',(#3024));
#3026=IFCPRODUCTDEFINITIONSHAPE($,$,(#3021,#3025));
#3027=IFCWALL('13iT2Bhgz2JRA5tdkKd2QB',#5,'Surface28','',$,#40,#3026,$,.MOVABLE.);
#3028=IFCCARTESIANPOINT((9.7858046875,5.6,0.0178734626770024));
#3029=IFCCARTESIANPOINT((9.7858046875,10.,0.0178734626770015));
#3030=IFCCARTESIANPOINT((10.9858046875,10.,0.0178734626770015));
#3031=IFCCARTESIANPOINT((10.9858046875,5.6,0.0178734626770024));
#3032=IFCPOLYLOOP((#3028,#3029,#3030,#3031));
#3033=IFCFACEOUTERBOUND(#3032,.T.);
#3034=IFCFACE((#3033));
#3035=IFCCARTESIANPOINT((10.9858046875,10.,2.217873462677));
#3036=IFCCARTESIANPOINT((10.9858046875,5.6,2.217873462677));
#3037=IFCPOLYLOOP((#3031,#3030,#3035,#3036));
#3038=IFCFACEOUTERBOUND(#3037,.T.);
#3039=IFCFACE((#3038));
#3040=IFCCARTESIANPOINT((9.7858046875,10.,2.217873462677));
#3041=IFCCARTESIANPOINT((9.7858046875,5.6,2.217873462677));
#3042=IFCPOLYLOOP((#3036,#3035,#3040,#3041));
#3043=IFCFACEOUTERBOUND(#3042,.T.);
#3044=IFCFACE((#3043));
#3045=IFCPOLYLOOP((#3041,#3040,#3029,#3028));
#3046=IFCFACEOUTERBOUND(#3045,.T.);
#3047=IFCFACE((#3046));
#3048=IFCPOLYLOOP((#3030,#3029,#3040,#3035));
#3049=IFCFACEOUTERBOUND(#3048,.T.);
#3050=IFCFACE((#3049));
#3051=IFCPOLYLOOP((#3028,#3031,#3036,#3041));
#3052=IFCFACEOUTERBOUND(#3051,.T.);
#3053=IFCFACE((#3052));
#3054=IFCCLOSEDSHELL((#3034,#3039,#3044,#3047,#3050,#3053));
#3055=IFCFACETEDBREP(#3054);
#3056=IFCSHAPEREPRESENTATION(#22,'Body','Brep',(#3055));
#3057=IFCPRODUCTDEFINITIONSHAPE($,$,(#3056));
#3058=IFCOPENINGELEMENT('1T45RW6U91hx2jibp1ay0C',#5,'Door001',$,$,#40,#3057,$,$);
#3059=IFCRELVOIDSELEMENT('2f7UnAoCP8sfIJ47Ew7D_3',#5,'Subtraction','',#3027,#3058);
#3060=IFCCARTESIANPOINT((9.8358046875,7.8,0.017873462677002));
#3061=IFCCARTESIANPOINT((9.7858046875,7.8,0.017873462677002));
#3062=IFCCARTESIANPOINT((9.7858046875,7.9,0.0178734626770019));
#3063=IFCCARTESIANPOINT((9.8358046875,7.9,0.0178734626770019));
#3064=IFCPOLYLOOP((#3060,#3061,#3062,#3063));
#3065=IFCFACEOUTERBOUND(#3064,.T.);
#3066=IFCFACE((#3065));
#3067=IFCCARTESIANPOINT((9.7858046875,7.8,2.217873462677));
#3068=IFCCARTESIANPOINT((9.8358046875,7.8,2.167873462677));
#3069=IFCCARTESIANPOINT((10.9358046875,7.8,2.167873462677));
#3070=IFCCARTESIANPOINT((10.9358046875,7.8,0.017873462677002));
#3071=IFCCARTESIANPOINT((10.9858046875,7.8,0.017873462677002));
#3072=IFCCARTESIANPOINT((10.9858046875,7.8,2.217873462677));
#3073=IFCPOLYLOOP((#3067,#3061,#3060,#3068,#3069,#3070,#3071,#3072));
#3074=IFCFACEOUTERBOUND(#3073,.T.);
#3075=IFCFACE((#3074));
#3076=IFCCARTESIANPOINT((9.8358046875,7.9,2.167873462677));
#3077=IFCPOLYLOOP((#3076,#3068,#3060,#3063));
#3078=IFCFACEOUTERBOUND(#3077,.T.);
#3079=IFCFACE((#3078));
#3080=IFCCARTESIANPOINT((9.7858046875,7.9,2.217873462677));
#3081=IFCCARTESIANPOINT((10.9858046875,7.9,2.217873462677));
#3082=IFCCARTESIANPOINT((10.9858046875,7.9,0.0178734626770019));
#3083=IFCCARTESIANPOINT((10.9358046875,7.9,0.0178734626770019));
#3084=IFCCARTESIANPOINT((10.9358046875,7.9,2.167873462677));
#3085=IFCPOLYLOOP((#3062,#3080,#3081,#3082,#3083,#3084,#3076,#3063));
#3086=IFCFACEOUTERBOUND(#3085,.T.);
#3087=IFCFACE((#3086));
#3088=IFCPOLYLOOP((#3067,#3080,#3062,#3061));
#3089=IFCFACEOUTERBOUND(#3088,.T.);
#3090=IFCFACE((#3089));
#3091=IFCPOLYLOOP((#3072,#3081,#3080,#3067));
#3092=IFCFACEOUTERBOUND(#3091,.T.);
#3093=IFCFACE((#3092));
#3094=IFCPOLYLOOP((#3071,#3082,#3081,#3072));
#3095=IFCFACEOUTERBOUND(#3094,.T.);
#3096=IFCFACE((#3095));
#3097=IFCPOLYLOOP((#3071,#3070,#3083,#3082));
#3098=IFCFACEOUTERBOUND(#3097,.T.);
#3099=IFCFACE((#3098));
#3100=IFCPOLYLOOP((#3083,#3070,#3069,#3084));
#3101=IFCFACEOUTERBOUND(#3100,.T.);
#3102=IFCFACE((#3101));
#3103=IFCPOLYLOOP((#3084,#3069,#3068,#3076));
#3104=IFCFACEOUTERBOUND(#3103,.T.);
#3105=IFCFACE((#3104));
#3106=IFCCLOSEDSHELL((#3066,#3075,#3079,#3087,#3090,#3093,#3096,#3099,#3102,#3105));
#3107=IFCFACETEDBREP(#3106);
#3108=IFCCARTESIANPOINT((9.8358046875,7.85,0.0178734626770019));
#3109=IFCCARTESIANPOINT((10.9358046875,7.85,0.0178734626770019));
#3110=IFCPOLYLOOP((#3108,#3063,#3083,#3109));
#3111=IFCFACEOUTERBOUND(#3110,.T.);
#3112=IFCFACE((#3111));
#3113=IFCCARTESIANPOINT((10.9358046875,7.85,2.167873462677));
#3114=IFCPOLYLOOP((#3109,#3083,#3084,#3113));
#3115=IFCFACEOUTERBOUND(#3114,.T.);
#3116=IFCFACE((#3115));
#3117=IFCCARTESIANPOINT((9.8358046875,7.85,2.167873462677));
#3118=IFCPOLYLOOP((#3113,#3084,#3076,#3117));
#3119=IFCFACEOUTERBOUND(#3118,.T.);
#3120=IFCFACE((#3119));
#3121=IFCPOLYLOOP((#3117,#3076,#3063,#3108));
#3122=IFCFACEOUTERBOUND(#3121,.T.);
#3123=IFCFACE((#3122));
#3124=IFCPOLYLOOP((#3108,#3109,#3113,#3117));
#3125=IFCFACEOUTERBOUND(#3124,.T.);
#3126=IFCFACE((#3125));
#3127=IFCPOLYLOOP((#3083,#3063,#3076,#3084));
#3128=IFCFACEOUTERBOUND(#3127,.T.);
#3129=IFCFACE((#3128));
#3130=IFCCLOSEDSHELL((#3112,#3116,#3120,#3123,#3126,#3129));
#3131=IFCFACETEDBREP(#3130);
#3132=IFCSTYLEDITEM(#3107,(#87),$);
#3133=IFCSTYLEDITEM(#3131,(#87),$);
#3134=IFCSHAPEREPRESENTATION(#22,'Body','Brep',(#3107,#3131));
#3135=IFCPRODUCTDEFINITIONSHAPE($,$,(#3134));
#3136=IFCDOOR('1m7uGlabn7_A4iHQuloH3N',#5,'Door001','',$,#40,#3135,$,2200.,1200.,.DOOR.,.SINGLE_SWING_LEFT.,$);
#3137=IFCCARTESIANPOINT((28.1,7.8,3.5));
#3138=IFCCARTESIANPOINT((28.1,0.2,3.5));
#3139=IFCCARTESIANPOINT((39.8,0.2,3.5));
#3140=IFCCARTESIANPOINT((39.8,7.8,3.5));
#3141=IFCPOLYLOOP((#3137,#3138,#3139,#3140));
#3142=IFCFACEOUTERBOUND(#3141,.T.);
#3143=IFCFACE((#3142));
#3144=IFCCARTESIANPOINT((28.1,7.8,0.));
#3145=IFCCARTESIANPOINT((28.1,0.2,0.));
#3146=IFCPOLYLOOP((#3138,#3137,#3144,#3145));
#3147=IFCFACEOUTERBOUND(#3146,.T.);
#3148=IFCFACE((#3147));
#3149=IFCCARTESIANPOINT((39.8,7.8,0.));
#3150=IFCPOLYLOOP((#3137,#3140,#3149,#3144));
#3151=IFCFACEOUTERBOUND(#3150,.T.);
#3152=IFCFACE((#3151));
#3153=IFCCARTESIANPOINT((39.8,0.2,0.));
#3154=IFCPOLYLOOP((#3140,#3139,#3153,#3149));
#3155=IFCFACEOUTERBOUND(#3154,.T.);
#3156=IFCFACE((#3155));
#3157=IFCPOLYLOOP((#3139,#3138,#3145,#3153));
#3158=IFCFACEOUTERBOUND(#3157,.T.);
#3159=IFCFACE((#3158));
#3160=IFCPOLYLOOP((#3145,#3144,#3149,#3153));
#3161=IFCFACEOUTERBOUND(#3160,.T.);
#3162=IFCFACE((#3161));
#3163=IFCCLOSEDSHELL((#3143,#3148,#3152,#3156,#3159,#3162));
#3164=IFCFACETEDBREP(#3163);
#3165=IFCPRESENTATIONSTYLEASSIGNMENT((#86));
#3166=IFCSTYLEDITEM(#3164,(#3165),$);
#3167=IFCSHAPEREPRESENTATION(#22,'Body','Brep',(#3164));
#3168=IFCPRODUCTDEFINITIONSHAPE($,$,(#3167));
#3169=IFCSPACE('3lEJSbQIfE1R3gfcuaW0ql',#5,'Space3','',$,#40,#3168,'Space',.COMPLEX.,.SPACE.,$);
#3170=IFCCARTESIANPOINT((28.1,19.8,3.5));
#3171=IFCCARTESIANPOINT((28.1,12.2,3.5));
#3172=IFCCARTESIANPOINT((39.8,12.2,3.5));
#3173=IFCCARTESIANPOINT((39.8,19.8,3.5));
#3174=IFCPOLYLOOP((#3170,#3171,#3172,#3173));
#3175=IFCFACEOUTERBOUND(#3174,.T.);
#3176=IFCFACE((#3175));
#3177=IFCCARTESIANPOINT((28.1,19.8,0.));
#3178=IFCCARTESIANPOINT((28.1,12.2,0.));
#3179=IFCPOLYLOOP((#3171,#3170,#3177,#3178));
#3180=IFCFACEOUTERBOUND(#3179,.T.);
#3181=IFCFACE((#3180));
#3182=IFCCARTESIANPOINT((39.8,19.8,0.));
#3183=IFCPOLYLOOP((#3170,#3173,#3182,#3177));
#3184=IFCFACEOUTERBOUND(#3183,.T.);
#3185=IFCFACE((#3184));
#3186=IFCCARTESIANPOINT((39.8,12.2,0.));
#3187=IFCPOLYLOOP((#3173,#3172,#3186,#3182));
#3188=IFCFACEOUTERBOUND(#3187,.T.);
#3189=IFCFACE((#3188));
#3190=IFCPOLYLOOP((#3186,#3172,#3171,#3178));
#3191=IFCFACEOUTERBOUND(#3190,.T.);
#3192=IFCFACE((#3191));
#3193=IFCPOLYLOOP((#3178,#3177,#3182,#3186));
#3194=IFCFACEOUTERBOUND(#3193,.T.);
#3195=IFCFACE((#3194));
#3196=IFCCLOSEDSHELL((#3176,#3181,#3185,#3189,#3192,#3195));
#3197=IFCFACETEDBREP(#3196);
#3198=IFCSTYLEDITEM(#3197,(#3165),$);
#3199=IFCSHAPEREPRESENTATION(#22,'Body','Brep',(#3197));
#3200=IFCPRODUCTDEFINITIONSHAPE($,$,(#3199));
#3201=IFCSPACE('2amikTexX6TOHoQi$_RWB9',#5,'Space7','',$,#40,#3200,'Space',.COMPLEX.,.SPACE.,$);
#3202=IFCCARTESIANPOINT((12.1,19.8,0.));
#3203=IFCCARTESIANPOINT((27.9,19.8,0.));
#3204=IFCCARTESIANPOINT((27.9,12.2,0.));
#3205=IFCCARTESIANPOINT((12.1,12.2,0.));
#3206=IFCPOLYLOOP((#3202,#3203,#3204,#3205));
#3207=IFCFACEOUTERBOUND(#3206,.T.);
#3208=IFCFACE((#3207));
#3209=IFCCARTESIANPOINT((12.1,19.8,3.5));
#3210=IFCCARTESIANPOINT((27.9,19.8,3.5));
#3211=IFCPOLYLOOP((#3202,#3209,#3210,#3203));
#3212=IFCFACEOUTERBOUND(#3211,.T.);
#3213=IFCFACE((#3212));
#3214=IFCCARTESIANPOINT((27.9,12.2,3.5));
#3215=IFCPOLYLOOP((#3203,#3210,#3214,#3204));
#3216=IFCFACEOUTERBOUND(#3215,.T.);
#3217=IFCFACE((#3216));
#3218=IFCCARTESIANPOINT((12.1,12.2,3.5));
#3219=IFCPOLYLOOP((#3204,#3214,#3218,#3205));
#3220=IFCFACEOUTERBOUND(#3219,.T.);
#3221=IFCFACE((#3220));
#3222=IFCPOLYLOOP((#3218,#3209,#3202,#3205));
#3223=IFCFACEOUTERBOUND(#3222,.T.);
#3224=IFCFACE((#3223));
#3225=IFCPOLYLOOP((#3210,#3209,#3218,#3214));
#3226=IFCFACEOUTERBOUND(#3225,.T.);
#3227=IFCFACE((#3226));
#3228=IFCCLOSEDSHELL((#3208,#3213,#3217,#3221,#3224,#3227));
#3229=IFCFACETEDBREP(#3228);
#3230=IFCSTYLEDITEM(#3229,(#3165),$);
#3231=IFCSHAPEREPRESENTATION(#22,'Body','Brep',(#3229));
#3232=IFCPRODUCTDEFINITIONSHAPE($,$,(#3231));
#3233=IFCSPACE('3zJ0RbH7P4pgW3rU_TjNxS',#5,'Space6','',$,#40,#3232,'Space',.COMPLEX.,.SPACE.,$);
#3234=IFCCARTESIANPOINT((27.9,7.8,3.5));
#3235=IFCCARTESIANPOINT((12.1,7.8,3.5));
#3236=IFCCARTESIANPOINT((12.1,0.2,3.5));
#3237=IFCCARTESIANPOINT((27.9,0.2,3.5));
#3238=IFCPOLYLOOP((#3234,#3235,#3236,#3237));
#3239=IFCFACEOUTERBOUND(#3238,.T.);
#3240=IFCFACE((#3239));
#3241=IFCCARTESIANPOINT((27.9,7.8,0.));
#3242=IFCCARTESIANPOINT((12.1,7.8,0.));
#3243=IFCPOLYLOOP((#3235,#3234,#3241,#3242));
#3244=IFCFACEOUTERBOUND(#3243,.T.);
#3245=IFCFACE((#3244));
#3246=IFCCARTESIANPOINT((27.9,0.2,0.));
#3247=IFCPOLYLOOP((#3241,#3234,#3237,#3246));
#3248=IFCFACEOUTERBOUND(#3247,.T.);
#3249=IFCFACE((#3248));
#3250=IFCCARTESIANPOINT((12.1,0.2,0.));
#3251=IFCPOLYLOOP((#3237,#3236,#3250,#3246));
#3252=IFCFACEOUTERBOUND(#3251,.T.);
#3253=IFCFACE((#3252));
#3254=IFCPOLYLOOP((#3236,#3235,#3242,#3250));
#3255=IFCFACEOUTERBOUND(#3254,.T.);
#3256=IFCFACE((#3255));
#3257=IFCPOLYLOOP((#3242,#3241,#3246,#3250));
#3258=IFCFACEOUTERBOUND(#3257,.T.);
#3259=IFCFACE((#3258));
#3260=IFCCLOSEDSHELL((#3240,#3245,#3249,#3253,#3256,#3259));
#3261=IFCFACETEDBREP(#3260);
#3262=IFCSTYLEDITEM(#3261,(#3165),$);
#3263=IFCSHAPEREPRESENTATION(#22,'Body','Brep',(#3261));
#3264=IFCPRODUCTDEFINITIONSHAPE($,$,(#3263));
#3265=IFCSPACE('2KR48dI7v10Aw2DZ7AZKpC',#5,'Space2','',$,#40,#3264,'Space',.COMPLEX.,.SPACE.,$);
#3266=IFCCARTESIANPOINT((0.2,7.8,0.));
#3267=IFCCARTESIANPOINT((11.9,7.8,0.));
#3268=IFCCARTESIANPOINT((11.9,0.2,0.));
#3269=IFCCARTESIANPOINT((0.2,0.2,0.));
#3270=IFCPOLYLOOP((#3266,#3267,#3268,#3269));
#3271=IFCFACEOUTERBOUND(#3270,.T.);
#3272=IFCFACE((#3271));
#3273=IFCCARTESIANPOINT((0.2,7.8,3.5));
#3274=IFCCARTESIANPOINT((11.9,7.8,3.5));
#3275=IFCPOLYLOOP((#3266,#3273,#3274,#3267));
#3276=IFCFACEOUTERBOUND(#3275,.T.);
#3277=IFCFACE((#3276));
#3278=IFCCARTESIANPOINT((11.9,0.2,3.5));
#3279=IFCPOLYLOOP((#3267,#3274,#3278,#3268));
#3280=IFCFACEOUTERBOUND(#3279,.T.);
#3281=IFCFACE((#3280));
#3282=IFCCARTESIANPOINT((0.2,0.2,3.5));
#3283=IFCPOLYLOOP((#3268,#3278,#3282,#3269));
#3284=IFCFACEOUTERBOUND(#3283,.T.);
#3285=IFCFACE((#3284));
#3286=IFCPOLYLOOP((#3282,#3273,#3266,#3269));
#3287=IFCFACEOUTERBOUND(#3286,.T.);
#3288=IFCFACE((#3287));
#3289=IFCPOLYLOOP((#3274,#3273,#3282,#3278));
#3290=IFCFACEOUTERBOUND(#3289,.T.);
#3291=IFCFACE((#3290));
#3292=IFCCLOSEDSHELL((#3272,#3277,#3281,#3285,#3288,#3291));
#3293=IFCFACETEDBREP(#3292);
#3294=IFCSTYLEDITEM(#3293,(#3165),$);
#3295=IFCSHAPEREPRESENTATION(#22,'Body','Brep',(#3293));
#3296=IFCPRODUCTDEFINITIONSHAPE($,$,(#3295));
#3297=IFCSPACE('1YNIrYyC5FzhMdCNQARpVU',#5,'Space1','',$,#40,#3296,'Space',.COMPLEX.,.SPACE.,$);
#3298=IFCCARTESIANPOINT((11.9,19.8,3.5));
#3299=IFCCARTESIANPOINT((0.2,19.8,3.5));
#3300=IFCCARTESIANPOINT((0.2,12.2,3.5));
#3301=IFCCARTESIANPOINT((11.9,12.2,3.5));
#3302=IFCPOLYLOOP((#3298,#3299,#3300,#3301));
#3303=IFCFACEOUTERBOUND(#3302,.T.);
#3304=IFCFACE((#3303));
#3305=IFCCARTESIANPOINT((11.9,19.8,0.));
#3306=IFCCARTESIANPOINT((0.2,19.8,0.));
#3307=IFCPOLYLOOP((#3299,#3298,#3305,#3306));
#3308=IFCFACEOUTERBOUND(#3307,.T.);
#3309=IFCFACE((#3308));
#3310=IFCCARTESIANPOINT((11.9,12.2,0.));
#3311=IFCPOLYLOOP((#3305,#3298,#3301,#3310));
#3312=IFCFACEOUTERBOUND(#3311,.T.);
#3313=IFCFACE((#3312));
#3314=IFCCARTESIANPOINT((0.2,12.2,0.));
#3315=IFCPOLYLOOP((#3310,#3301,#3300,#3314));
#3316=IFCFACEOUTERBOUND(#3315,.T.);
#3317=IFCFACE((#3316));
#3318=IFCPOLYLOOP((#3300,#3299,#3306,#3314));
#3319=IFCFACEOUTERBOUND(#3318,.T.);
#3320=IFCFACE((#3319));
#3321=IFCPOLYLOOP((#3306,#3305,#3310,#3314));
#3322=IFCFACEOUTERBOUND(#3321,.T.);
#3323=IFCFACE((#3322));
#3324=IFCCLOSEDSHELL((#3304,#3309,#3313,#3317,#3320,#3323));
#3325=IFCFACETEDBREP(#3324);
#3326=IFCSTYLEDITEM(#3325,(#3165),$);
#3327=IFCSHAPEREPRESENTATION(#22,'Body','Brep',(#3325));
#3328=IFCPRODUCTDEFINITIONSHAPE($,$,(#3327));
#3329=IFCSPACE('0bmt8KRlr2Te0xuKph9jf1',#5,'Space5','',$,#40,#3328,'Space',.COMPLEX.,.SPACE.,$);
#3330=IFCCARTESIANPOINT((0.2,12.,0.));
#3331=IFCCARTESIANPOINT((39.8,12.,0.));
#3332=IFCCARTESIANPOINT((39.8,8.,0.));
#3333=IFCCARTESIANPOINT((0.2,8.,0.));
#3334=IFCPOLYLOOP((#3330,#3331,#3332,#3333));
#3335=IFCFACEOUTERBOUND(#3334,.T.);
#3336=IFCFACE((#3335));
#3337=IFCCARTESIANPOINT((0.2,12.,3.5));
#3338=IFCCARTESIANPOINT((39.8,12.,3.5));
#3339=IFCPOLYLOOP((#3337,#3338,#3331,#3330));
#3340=IFCFACEOUTERBOUND(#3339,.T.);
#3341=IFCFACE((#3340));
#3342=IFCCARTESIANPOINT((39.8,8.,3.5));
#3343=IFCPOLYLOOP((#3331,#3338,#3342,#3332));
#3344=IFCFACEOUTERBOUND(#3343,.T.);
#3345=IFCFACE((#3344));
#3346=IFCCARTESIANPOINT((0.2,8.,3.5));
#3347=IFCPOLYLOOP((#3332,#3342,#3346,#3333));
#3348=IFCFACEOUTERBOUND(#3347,.T.);
#3349=IFCFACE((#3348));
#3350=IFCPOLYLOOP((#3346,#3337,#3330,#3333));
#3351=IFCFACEOUTERBOUND(#3350,.T.);
#3352=IFCFACE((#3351));
#3353=IFCPOLYLOOP((#3338,#3337,#3346,#3342));
#3354=IFCFACEOUTERBOUND(#3353,.T.);
#3355=IFCFACE((#3354));
#3356=IFCCLOSEDSHELL((#3336,#3341,#3345,#3349,#3352,#3355));
#3357=IFCFACETEDBREP(#3356);
#3358=IFCSTYLEDITEM(#3357,(#3165),$);
#3359=IFCSHAPEREPRESENTATION(#22,'Body','Brep',(#3357));
#3360=IFCPRODUCTDEFINITIONSHAPE($,$,(#3359));
#3361=IFCSPACE('2DnHp$cBb6tBAHymfKWRgZ',#5,'Space4','',$,#40,#3360,'Space',.COMPLEX.,.SPACE.,$);
#3362=IFCRELCONTAINEDINSPATIALSTRUCTURE('0Wa$WgdT50$w$knnKLxybc',#5,'StoreyLink','',(#55,#91,#112,#233,#245,#362,#375,#492,#507,#656,#741,#752,#766,#883,#896,#1013,#1025,#1142,#1153,#1270,#1283,#1400,#1413,#1562,#1647,#1658,#1670,#1787,#1798,#1915,#1927,#1938,#2047,#2060,#2233,#2310,#2395,#2406,#2417,#2526,#2538,#2647,#2658,#2670,#2843,#2920,#3005,#3016,#3027,#3136),#26);
#3363=IFCRELAGGREGATES('3gO8Is9LX0jOKPc$RnMC5i',#5,'StoreyLink','',#26,(#3169,#3201,#3233,#3265,#3297,#3329,#3361));
#3364=IFCRELAGGREGATES('1aE$GM_hXBgwGqePA$UILO',#5,'BuildingLink','',#25,(#26));
#3365=IFCRELAGGREGATES('3LZRt3_TbBE8bh9CzgGANi',#5,'ProjectLink','',#23,(#24));
#3366=IFCRELAGGREGATES('2XD2DVcGL0qPEl85ubbjjV',#5,'BuildingLink','',#25,(#26));
#3367=IFCRELAGGREGATES('1RD_k$cpfBKPGN1oSwS7kv',#5,'SiteLink','',#24,(#25));
ENDSEC;
END-ISO-10303-21;
